BUILD_START 2026-05-27T11:27:31+00:00
== Using MXE wrapper: /mxe/usr/bin/x86_64-w64-mingw32.shared-cmake
     - cmake version 3.31.8
     - warnings for unused CMAKE_POLICY_DEFAULT variables can be ignored
== Using MXE toolchain: /mxe/usr/x86_64-w64-mingw32.shared/share/cmake/mxe-conf.cmake
== Using MXE runresult: /mxe/usr/share/cmake/modules/TryRunResults.cmake
loading initial cache file /mxe/usr/share/cmake/modules/TryRunResults.cmake
-- The C compiler identification is GNU 15.2.0
-- The CXX compiler identification is GNU 15.2.0
-- The ASM compiler identification is GNU
-- Found assembler: /mxe/usr/bin/x86_64-w64-mingw32.shared-gcc
-- Detecting C compiler ABI info
-- Detecting C compiler ABI info - done
-- Check for working C compiler: /mxe/usr/bin/x86_64-w64-mingw32.shared-gcc - skipped
-- Detecting C compile features
-- Detecting C compile features - done
-- Detecting CXX compiler ABI info
-- Detecting CXX compiler ABI info - done
-- Check for working CXX compiler: /mxe/usr/bin/x86_64-w64-mingw32.shared-g++ - skipped
-- Detecting CXX compile features
-- Detecting CXX compile features - done
-- Found PkgConfig: /mxe/usr/bin/x86_64-w64-mingw32.shared-pkg-config (found version "0.28")
-- SSE4.2 enabled for x86_64
-- LTO enabled
-- Target architecture: x86_64
-- Performing Test CMAKE_HAVE_LIBC_PTHREAD
-- Performing Test CMAKE_HAVE_LIBC_PTHREAD - Success
-- Found Threads: TRUE
-- Performing Test HAVE_STDATOMIC
-- Performing Test HAVE_STDATOMIC - Success
-- Found WrapAtomic: TRUE  
-- Using target Qt at /mxe/usr/x86_64-w64-mingw32.shared/qt6
-- Using host Qt at /mxe/usr/x86_64-pc-linux-gnu/qt6
CMake Warning (dev) at CMakeLists.txt:527 (find_package):
  Policy CMP0167 is not set: The FindBoost module is removed.  Run "cmake
  --help-policy CMP0167" for policy details.  Use the cmake_policy command to
  set the policy and suppress this warning.

This warning is for project developers.  Use -Wno-dev to suppress it.

-- Found Boost: /mxe/usr/x86_64-w64-mingw32.shared/lib/cmake/Boost-1.90.0/BoostConfig.cmake (found suitable version "1.90.0", minimum required is "1.70.0") found components: container locale serialization iostreams
-- Performing Test HAVE_FLAG__ffile_prefix_map__work_externals_catch2__
-- Performing Test HAVE_FLAG__ffile_prefix_map__work_externals_catch2__ - Success
-- Checking for one of the modules 'crypto++;cryptopp'
-- Found cryptopp: /mxe/usr/x86_64-w64-mingw32.shared/lib/libcryptopp.dll.a, /mxe/usr/x86_64-w64-mingw32.shared/include/cryptopp
-- {fmt} version: 12.0.0
-- Build type: Release
CMake Deprecation Warning at externals/xbyak/CMakeLists.txt:1 (cmake_minimum_required):
  Compatibility with CMake < 3.10 will be removed from a future version of
  CMake.

  Update the VERSION argument <min> value.  Or, use the <min>...<max> syntax
  to tell CMake that the project requires at least <min> but has been updated
  to work with policies introduced by <max> or earlier.


-- Target architecture: x86_64
CMake Warning (dev) at externals/dynarmic/CMakeLists.txt:146 (find_package):
  Policy CMP0167 is not set: The FindBoost module is removed.  Run "cmake
  --help-policy CMP0167" for policy details.  Use the cmake_policy command to
  set the policy and suppress this warning.

This warning is for project developers.  Use -Wno-dev to suppress it.

-- Found Boost: /mxe/usr/x86_64-w64-mingw32.shared/lib/cmake/Boost-1.90.0/BoostConfig.cmake (found suitable version "1.90.0", minimum required is "1.57")
-- Could NOT find fmt (missing: fmt_DIR)
-- Could NOT find mcl (missing: mcl_DIR)
-- Could NOT find tsl-robin-map (missing: tsl-robin-map_DIR)
-- Could NOT find xbyak (missing: xbyak_DIR)
-- Could NOT find Zydis (missing: Zydis_DIR)
CMake Deprecation Warning at externals/dynarmic/externals/robin-map/CMakeLists.txt:1 (cmake_minimum_required):
  Compatibility with CMake < 3.10 will be removed from a future version of
  CMake.

  Update the VERSION argument <min> value.  Or, use the <min>...<max> syntax
  to tell CMake that the project requires at least <min> but has been updated
  to work with policies introduced by <max> or earlier.


CMake Deprecation Warning at externals/dynarmic/externals/zydis/CMakeLists.txt:1 (cmake_minimum_required):
  Compatibility with CMake < 3.10 will be removed from a future version of
  CMake.

  Update the VERSION argument <min> value.  Or, use the <min>...<max> syntax
  to tell CMake that the project requires at least <min> but has been updated
  to work with policies introduced by <max> or earlier.


CMake Deprecation Warning at externals/dynarmic/externals/zycore/CMakeLists.txt:5 (cmake_minimum_required):
  Compatibility with CMake < 3.10 will be removed from a future version of
  CMake.

  Update the VERSION argument <min> value.  Or, use the <min>...<max> syntax
  to tell CMake that the project requires at least <min> but has been updated
  to work with policies introduced by <max> or earlier.


-- Building faad2 version 2.11.1
-- Looking for getpwuid
-- Looking for getpwuid - not found
-- Looking for lrintf
-- Looking for lrintf - found
-- Looking for memcpy
-- Looking for memcpy - found
-- Looking for strchr
-- Looking for strchr - found
-- Looking for strsep
-- Looking for strsep - not found
-- Looking for include file dlfcn.h
-- Looking for include file dlfcn.h - found
-- Looking for include file errno.h
-- Looking for include file errno.h - found
-- Looking for include file float.h
-- Looking for include file float.h - found
-- Looking for include file inttypes.h
-- Looking for include file inttypes.h - found
-- Looking for include file IOKit/IOKitLib.h
-- Looking for include file IOKit/IOKitLib.h - not found
-- Looking for include file limits.h
-- Looking for include file limits.h - found
-- Looking for include file mathf.h
-- Looking for include file mathf.h - not found
-- Looking for include file stdint.h
-- Looking for include file stdint.h - found
-- Looking for include file stdio.h
-- Looking for include file stdio.h - found
-- Looking for include file stdlib.h
-- Looking for include file stdlib.h - found
-- Looking for include file strings.h
-- Looking for include file strings.h - found
-- Looking for include file string.h
-- Looking for include file string.h - found
-- Looking for include file sysfs/libsysfs.h
-- Looking for include file sysfs/libsysfs.h - not found
-- Looking for include file sys/stat.h
-- Looking for include file sys/stat.h - found
-- Looking for include file sys/time.h
-- Looking for include file sys/time.h - found
-- Looking for include file sys/types.h
-- Looking for include file sys/types.h - found
-- Looking for include file unistd.h
-- Looking for include file unistd.h - found
-- Using bundled ffmpeg headers.
CMake Deprecation Warning at externals/soundtouch/CMakeLists.txt:1 (cmake_minimum_required):
  Compatibility with CMake < 3.10 will be removed from a future version of
  CMake.

  Update the VERSION argument <min> value.  Or, use the <min>...<max> syntax
  to tell CMake that the project requires at least <min> but has been updated
  to work with policies introduced by <max> or earlier.


-- Found OpenMP_C: -fopenmp (found version "4.5")
-- Found OpenMP_CXX: -fopenmp (found version "4.5")
-- Found OpenMP: TRUE (found version "4.5")
-- Looking for __GLIBC__
-- Looking for __GLIBC__ - not found
-- Performing Test CHECK_CPU_ARCHITECTURE_X86
-- Performing Test CHECK_CPU_ARCHITECTURE_X86 - Failed
-- Performing Test CHECK_CPU_ARCHITECTURE_X64
-- Performing Test CHECK_CPU_ARCHITECTURE_X64 - Success
-- Performing Test CHECK_CPU_ARCHITECTURE_ARM32
-- Performing Test CHECK_CPU_ARCHITECTURE_ARM32 - Failed
-- Performing Test CHECK_CPU_ARCHITECTURE_ARM64
-- Performing Test CHECK_CPU_ARCHITECTURE_ARM64 - Failed
-- Performing Test CHECK_CPU_ARCHITECTURE_ARM64EC
-- Performing Test CHECK_CPU_ARCHITECTURE_ARM64EC - Failed
-- Performing Test CHECK_CPU_ARCHITECTURE_LOONGARCH64
-- Performing Test CHECK_CPU_ARCHITECTURE_LOONGARCH64 - Failed
-- Performing Test HAVE_GCC_WALL
-- Performing Test HAVE_GCC_WALL - Success
-- Performing Test HAVE_GCC_WUNDEF
-- Performing Test HAVE_GCC_WUNDEF - Success
-- Performing Test HAVE_GCC_NO_STRICT_ALIASING
-- Performing Test HAVE_GCC_NO_STRICT_ALIASING - Success
-- Performing Test HAVE_GCC_WDOCUMENTATION
-- Performing Test HAVE_GCC_WDOCUMENTATION - Failed
-- Performing Test HAVE_GCC_WDOCUMENTATION_UNKNOWN_COMMAND
-- Performing Test HAVE_GCC_WDOCUMENTATION_UNKNOWN_COMMAND - Failed
-- Performing Test HAVE_GCC_COMMENT_BLOCK_COMMANDS
-- Performing Test HAVE_GCC_COMMENT_BLOCK_COMMANDS - Failed
-- Performing Test HAVE_CLANG_COMMENT_BLOCK_COMMANDS
-- Performing Test HAVE_CLANG_COMMENT_BLOCK_COMMANDS - Failed
-- Performing Test HAVE_GCC_WDECLARATION_AFTER_STATEMENT
-- Performing Test HAVE_GCC_WDECLARATION_AFTER_STATEMENT - Success
-- Performing Test HAVE_GCC_ATOMICS
-- Performing Test HAVE_GCC_ATOMICS - Success
-- Performing Test HAVE_GCC_FVISIBILITY
-- Performing Test HAVE_GCC_FVISIBILITY - Success
-- Performing Test HAVE_GCC_WSHADOW
-- Performing Test HAVE_GCC_WSHADOW - Success
-- Performing Test HAVE_GCC_WUNUSED_LOCAL_TYPEDEFS
-- Performing Test HAVE_GCC_WUNUSED_LOCAL_TYPEDEFS - Success
-- Performing Test HAVE_NO_UNDEFINED
-- Performing Test HAVE_NO_UNDEFINED - Success
-- Performing Test HAVE_GDWARF_4
-- Performing Test HAVE_GDWARF_4 - Success
-- Performing Test HAVE_MMX
-- Performing Test HAVE_MMX - Success
-- Performing Test HAVE_SSE
-- Performing Test HAVE_SSE - Success
-- Performing Test CPU_SUPPORTS_SSE2
-- Performing Test CPU_SUPPORTS_SSE2 - Success
-- Performing Test CPU_SUPPORTS_SSE3
-- Performing Test CPU_SUPPORTS_SSE3 - Success
-- Looking for immintrin.h
-- Looking for immintrin.h - found
-- Performing Test HAVE_ALTIVEC_H_HDR
-- Performing Test HAVE_ALTIVEC_H_HDR - Failed
-- Performing Test CPU_SUPPORTS_ALTIVEC
-- Performing Test CPU_SUPPORTS_ALTIVEC - Failed
-- Looking for ctype.h
-- Looking for ctype.h - found
-- Looking for iconv.h
-- Looking for iconv.h - found
-- Looking for malloc.h
-- Looking for malloc.h - found
-- Looking for math.h
-- Looking for math.h - found
-- Looking for memory.h
-- Looking for memory.h - found
-- Looking for signal.h
-- Looking for signal.h - found
-- Looking for stdarg.h
-- Looking for stdarg.h - found
-- Looking for stddef.h
-- Looking for stddef.h - found
-- Looking for wchar.h
-- Looking for wchar.h - found
-- Looking for 7 include files stddef.h, ..., float.h
-- Looking for 7 include files stddef.h, ..., float.h - found
-- Looking for M_PI
-- Looking for M_PI - found
-- Performing Test HAVE_MPROTECT
-- Performing Test HAVE_MPROTECT - Failed
-- Looking for strtod
-- Looking for strtod - found
-- Looking for malloc
-- Looking for malloc - found
-- Looking for calloc
-- Looking for calloc - found
-- Looking for realloc
-- Looking for realloc - found
-- Looking for free
-- Looking for free - found
-- Looking for getenv
-- Looking for getenv - found
-- Looking for setenv
-- Looking for setenv - not found
-- Looking for putenv
-- Looking for putenv - found
-- Looking for unsetenv
-- Looking for unsetenv - not found
-- Looking for bsearch
-- Looking for bsearch - found
-- Looking for qsort
-- Looking for qsort - found
-- Looking for abs
-- Looking for abs - found
-- Looking for bcopy
-- Looking for bcopy - not found
-- Looking for memset
-- Looking for memset - found
-- Looking for memmove
-- Looking for memmove - found
-- Looking for memcmp
-- Looking for memcmp - found
-- Looking for strlen
-- Looking for strlen - found
-- Looking for strlcpy
-- Looking for strlcpy - not found
-- Looking for strlcat
-- Looking for strlcat - not found
-- Looking for _strrev
-- Looking for _strrev - found
-- Looking for _strupr
-- Looking for _strupr - found
-- Looking for _strlwr
-- Looking for _strlwr - found
-- Looking for index
-- Looking for index - not found
-- Looking for rindex
-- Looking for rindex - not found
-- Looking for strrchr
-- Looking for strrchr - found
-- Looking for strstr
-- Looking for strstr - found
-- Looking for strtok_r
-- Looking for strtok_r - found
-- Looking for itoa
-- Looking for itoa - found
-- Looking for _ltoa
-- Looking for _ltoa - found
-- Looking for _uitoa
-- Looking for _uitoa - not found
-- Looking for _ultoa
-- Looking for _ultoa - found
-- Looking for strtol
-- Looking for strtol - found
-- Looking for strtoul
-- Looking for strtoul - found
-- Looking for _i64toa
-- Looking for _i64toa - found
-- Looking for _ui64toa
-- Looking for _ui64toa - found
-- Looking for strtoll
-- Looking for strtoll - found
-- Looking for strtoull
-- Looking for strtoull - found
-- Looking for atoi
-- Looking for atoi - found
-- Looking for atof
-- Looking for atof - found
-- Looking for strcmp
-- Looking for strcmp - found
-- Looking for strncmp
-- Looking for strncmp - found
-- Looking for _stricmp
-- Looking for _stricmp - found
-- Looking for strcasecmp
-- Looking for strcasecmp - found
-- Looking for _strnicmp
-- Looking for _strnicmp - found
-- Looking for strncasecmp
-- Looking for strncasecmp - found
-- Looking for strcasestr
-- Looking for strcasestr - not found
-- Looking for wcscmp
-- Looking for wcscmp - found
-- Looking for _wcsdup
-- Looking for _wcsdup - found
-- Looking for wcsdup
-- Looking for wcsdup - found
-- Looking for wcslcat
-- Looking for wcslcat - not found
-- Looking for wcslcpy
-- Looking for wcslcpy - not found
-- Looking for wcslen
-- Looking for wcslen - found
-- Looking for wcsncmp
-- Looking for wcsncmp - found
-- Looking for wcsstr
-- Looking for wcsstr - found
-- Looking for wcscasecmp
-- Looking for wcscasecmp - not found
-- Looking for _wcsicmp
-- Looking for _wcsicmp - found
-- Looking for wcsncasecmp
-- Looking for wcsncasecmp - not found
-- Looking for _wcsnicmp
-- Looking for _wcsnicmp - found
-- Looking for sscanf
-- Looking for sscanf - found
-- Looking for vsscanf
-- Looking for vsscanf - found
-- Looking for vsnprintf
-- Looking for vsnprintf - found
-- Looking for fopen64
-- Looking for fopen64 - found
-- Looking for fseeko
-- Looking for fseeko - found
-- Looking for fseeko64
-- Looking for fseeko64 - found
-- Looking for _Exit
-- Looking for _Exit - found
-- Looking for sigaction
-- Looking for sigaction - not found
-- Looking for sigtimedwait
-- Looking for sigtimedwait - not found
-- Looking for setjmp
-- Looking for setjmp - found
-- Looking for nanosleep
-- Looking for nanosleep - found
-- Looking for sysconf
-- Looking for sysconf - not found
-- Looking for sysctlbyname
-- Looking for sysctlbyname - not found
-- Looking for getauxval
-- Looking for getauxval - not found
-- Looking for elf_aux_info
-- Looking for elf_aux_info - not found
-- Looking for poll
-- Looking for poll - not found
-- Looking for memfd_create
-- Looking for memfd_create - not found
-- Looking for posix_fallocate
-- Looking for posix_fallocate - not found
-- Looking for pow in m
-- Looking for pow in m - found
-- Looking for atan
-- Looking for atan - found
-- Looking for atan2
-- Looking for atan2 - found
-- Looking for atanf
-- Looking for atanf - found
-- Looking for atan2f
-- Looking for atan2f - found
-- Looking for ceil
-- Looking for ceil - found
-- Looking for ceilf
-- Looking for ceilf - found
-- Looking for copysign
-- Looking for copysign - found
-- Looking for copysignf
-- Looking for copysignf - found
-- Looking for cos
-- Looking for cos - found
-- Looking for cosf
-- Looking for cosf - found
-- Looking for exp
-- Looking for exp - found
-- Looking for expf
-- Looking for expf - found
-- Looking for fabs
-- Looking for fabs - found
-- Looking for fabsf
-- Looking for fabsf - found
-- Looking for floor
-- Looking for floor - found
-- Looking for floorf
-- Looking for floorf - found
-- Looking for fmod
-- Looking for fmod - found
-- Looking for fmodf
-- Looking for fmodf - found
-- Looking for log
-- Looking for log - found
-- Looking for logf
-- Looking for logf - found
-- Looking for log10
-- Looking for log10 - found
-- Looking for log10f
-- Looking for log10f - found
-- Looking for lround
-- Looking for lround - found
-- Looking for lroundf
-- Looking for lroundf - found
-- Looking for pow
-- Looking for pow - found
-- Looking for powf
-- Looking for powf - found
-- Looking for round
-- Looking for round - found
-- Looking for roundf
-- Looking for roundf - found
-- Looking for scalbn
-- Looking for scalbn - found
-- Looking for scalbnf
-- Looking for scalbnf - found
-- Looking for sin
-- Looking for sin - found
-- Looking for sinf
-- Looking for sinf - found
-- Looking for sqrt
-- Looking for sqrt - found
-- Looking for sqrtf
-- Looking for sqrtf - found
-- Looking for tan
-- Looking for tan - found
-- Looking for tanf
-- Looking for tanf - found
-- Looking for acos
-- Looking for acos - found
-- Looking for acosf
-- Looking for acosf - found
-- Looking for asin
-- Looking for asin - found
-- Looking for asinf
-- Looking for asinf - found
-- Looking for trunc
-- Looking for trunc - found
-- Looking for truncf
-- Looking for truncf - found
-- Looking for alloca.h
-- Looking for alloca.h - not found
-- Looking for alloca
-- Looking for alloca - not found
-- Looking for alloca
-- Looking for alloca - found
-- Looking for alloca
-- Looking for alloca - found
-- Performing Test HAVE_SA_SIGACTION
-- Performing Test HAVE_SA_SIGACTION - Failed
-- Performing Test HAVE_WIN32_CC
-- Performing Test HAVE_WIN32_CC - Success
-- Looking for d3d9.h
-- Looking for d3d9.h - found
-- Looking for d3d11_1.h
-- Looking for d3d11_1.h - found
-- Performing Test HAVE_D3D12_H
-- Performing Test HAVE_D3D12_H - Success
-- Looking for ddraw.h
-- Looking for ddraw.h - found
-- Looking for dsound.h
-- Looking for dsound.h - found
-- Looking for dinput.h
-- Looking for dinput.h - found
-- Looking for dxgi.h
-- Looking for dxgi.h - found
-- Performing Test HAVE_XINPUT_H
-- Performing Test HAVE_XINPUT_H - Success
-- Performing Test HAVE_WINDOWS_GAMING_INPUT_H
-- Performing Test HAVE_WINDOWS_GAMING_INPUT_H - Success
-- Looking for tpcshrd.h
-- Looking for tpcshrd.h - found
-- Looking for roapi.h
-- Looking for roapi.h - found
-- Looking for mmdeviceapi.h
-- Looking for mmdeviceapi.h - found
-- Looking for audioclient.h
-- Looking for audioclient.h - found
-- Looking for sensorsapi.h
-- Looking for sensorsapi.h - found
-- Looking for shellscalingapi.h
-- Looking for shellscalingapi.h - found
-- Found Git: /usr/bin/git (found version "2.47.3")
CMake Deprecation Warning at externals/sdl2/SDL/CMakeLists.txt:3300 (cmake_minimum_required):
  Compatibility with CMake < 3.10 will be removed from a future version of
  CMake.

  Update the VERSION argument <min> value.  Or, use the <min>...<max> syntax
  to tell CMake that the project requires at least <min> but has been updated
  to work with policies introduced by <max> or earlier.


-- 
-- SDL2 was configured with the following options:
-- 
-- Platform: Windows
-- 64-bit:   TRUE
-- Compiler: /mxe/usr/bin/x86_64-w64-mingw32.shared-gcc
-- Revision: SDL-release-2.32.10-0-g5d2495703
-- 
-- Subsystems:
--   Atomic:	ON
--   Audio:	ON
--   Video:	ON
--   Render:	OFF
--   Events:	ON
--   Joystick:	ON
--   Haptic:	OFF
--   Hidapi:	ON
--   Power:	OFF
--   Threads:	ON
--   Timers:	ON
--   File:	ON
--   Loadso:	ON
--   CPUinfo:	ON
--   Filesystem:	OFF
--   Sensor:	OFF
--   Locale:	OFF
--   Misc:	ON
-- 
-- Options:
--   SDL2_DISABLE_INSTALL        (Wanted: ON): OFF
--   SDL2_DISABLE_SDL2MAIN       (Wanted: OFF): OFF
--   SDL2_DISABLE_UNINSTALL      (Wanted: OFF): OFF
--   SDL_3DNOW                   (Wanted: OFF): OFF
--   SDL_ALSA                    (Wanted: OFF): OFF
--   SDL_ALSA_SHARED             (Wanted: OFF): OFF
--   SDL_ALTIVEC                 (Wanted: ON): OFF
--   SDL_ARMNEON                 (Wanted: OFF): OFF
--   SDL_ARMSIMD                 (Wanted: OFF): OFF
--   SDL_ARTS                    (Wanted: OFF): OFF
--   SDL_ARTS_SHARED             (Wanted: OFF): OFF
--   SDL_ASAN                    (Wanted: OFF): OFF
--   SDL_ASSEMBLY                (Wanted: ON): ON
--   SDL_ASSERTIONS              (Wanted: auto): auto
--   SDL_BACKGROUNDING_SIGNAL    (Wanted: OFF): OFF
--   SDL_CCACHE                  (Wanted: ON): ON
--   SDL_CLOCK_GETTIME           (Wanted: OFF): OFF
--   SDL_COCOA                   (Wanted: OFF): OFF
--   SDL_DBUS                    (Wanted: OFF): OFF
--   SDL_DIRECTFB                (Wanted: OFF): OFF
--   SDL_DIRECTFB_SHARED         (Wanted: OFF): OFF
--   SDL_DIRECTX                 (Wanted: ON): ON
--   SDL_DISKAUDIO               (Wanted: ON): ON
--   SDL_DUMMYAUDIO              (Wanted: ON): ON
--   SDL_DUMMYVIDEO              (Wanted: ON): ON
--   SDL_ESD                     (Wanted: OFF): OFF
--   SDL_ESD_SHARED              (Wanted: OFF): OFF
--   SDL_FOREGROUNDING_SIGNAL    (Wanted: OFF): OFF
--   SDL_FUSIONSOUND             (Wanted: OFF): OFF
--   SDL_FUSIONSOUND_SHARED      (Wanted: OFF): OFF
--   SDL_GCC_ATOMICS             (Wanted: ON): ON
--   SDL_HIDAPI                  (Wanted: ON): ON
--   SDL_HIDAPI_JOYSTICK         (Wanted: ON): ON
--   SDL_HIDAPI_LIBUSB           (Wanted: OFF): OFF
--   SDL_IBUS                    (Wanted: OFF): OFF
--   SDL_INSTALL_TESTS           (Wanted: OFF): OFF
--   SDL_JACK                    (Wanted: OFF): OFF
--   SDL_JACK_SHARED             (Wanted: OFF): OFF
--   SDL_KMSDRM                  (Wanted: OFF): OFF
--   SDL_KMSDRM_SHARED           (Wanted: OFF): OFF
--   SDL_LASX                    (Wanted: OFF): OFF
--   SDL_LIBC                    (Wanted: ON): ON
--   SDL_LIBICONV                (Wanted: OFF): OFF
--   SDL_LIBSAMPLERATE           (Wanted: OFF): OFF
--   SDL_LIBSAMPLERATE_SHARED    (Wanted: OFF): OFF
--   SDL_LIBUDEV                 (Wanted: ON): OFF
--   SDL_LSX                     (Wanted: OFF): OFF
--   SDL_METAL                   (Wanted: OFF): OFF
--   SDL_MMX                     (Wanted: ON): ON
--   SDL_NAS                     (Wanted: OFF): OFF
--   SDL_NAS_SHARED              (Wanted: OFF): OFF
--   SDL_OFFSCREEN               (Wanted: ON): ON
--   SDL_OPENGL                  (Wanted: ON): ON
--   SDL_OPENGLES                (Wanted: ON): ON
--   SDL_OSS                     (Wanted: OFF): OFF
--   SDL_PIPEWIRE                (Wanted: OFF): OFF
--   SDL_PIPEWIRE_SHARED         (Wanted: OFF): OFF
--   SDL_PTHREADS                (Wanted: OFF): OFF
--   SDL_PTHREADS_SEM            (Wanted: OFF): OFF
--   SDL_PULSEAUDIO              (Wanted: OFF): OFF
--   SDL_PULSEAUDIO_SHARED       (Wanted: OFF): OFF
--   SDL_RENDER_D3D              (Wanted: ON): ON
--   SDL_RENDER_METAL            (Wanted: OFF): OFF
--   SDL_RPATH                   (Wanted: OFF): OFF
--   SDL_RPI                     (Wanted: OFF): OFF
--   SDL_SNDIO                   (Wanted: OFF): OFF
--   SDL_SNDIO_SHARED            (Wanted: OFF): OFF
--   SDL_SSE                     (Wanted: ON): ON
--   SDL_SSE2                    (Wanted: ON): ON
--   SDL_SSE3                    (Wanted: ON): ON
--   SDL_SSEMATH                 (Wanted: ON): ON
--   SDL_STATIC_PIC              (Wanted: OFF): OFF
--   SDL_SYSTEM_ICONV            (Wanted: OFF): OFF
--   SDL_TESTS                   (Wanted: OFF): OFF
--   SDL_VENDOR_INFO             (Wanted: ): OFF
--   SDL_VIRTUAL_JOYSTICK        (Wanted: ON): ON
--   SDL_VIVANTE                 (Wanted: OFF): OFF
--   SDL_VULKAN                  (Wanted: ON): ON
--   SDL_WASAPI                  (Wanted: ON): ON
--   SDL_WAYLAND                 (Wanted: OFF): OFF
--   SDL_WAYLAND_LIBDECOR        (Wanted: OFF): OFF
--   SDL_WAYLAND_LIBDECOR_SHARED (Wanted: OFF): OFF
--   SDL_WAYLAND_QT_TOUCH        (Wanted: OFF): OFF
--   SDL_WAYLAND_SHARED          (Wanted: OFF): OFF
--   SDL_X11                     (Wanted: OFF): OFF
--   SDL_X11_SHARED              (Wanted: OFF): OFF
--   SDL_X11_XCURSOR             (Wanted: OFF): OFF
--   SDL_X11_XDBE                (Wanted: OFF): OFF
--   SDL_X11_XFIXES              (Wanted: OFF): OFF
--   SDL_X11_XINPUT              (Wanted: OFF): OFF
--   SDL_X11_XRANDR              (Wanted: OFF): OFF
--   SDL_X11_XSCRNSAVER          (Wanted: OFF): OFF
--   SDL_X11_XSHAPE              (Wanted: OFF): OFF
--   SDL_XINPUT                  (Wanted: ON): ON
-- 
--  CFLAGS:         -idirafter "/work/externals/sdl2/SDL/src/video/khronos"
--  EXTRA_CFLAGS:   -Wall -Wundef -fno-strict-aliasing -Wdeclaration-after-statement -fvisibility=hidden -Wshadow -Wno-unused-local-typedefs -mmmx -msse -msse2 -msse3
--  EXTRA_LDFLAGS:  -Wl,--no-undefined
--  EXTRA_LIBS:    m;kernel32;user32;gdi32;winmm;imm32;ole32;oleaut32;version;uuid;advapi32;setupapi;shell32;dinput8
-- 
--  Build Shared Library: OFF
--  Build Static Library: ON
--  Build Static Library with Position Independent Code: OFF
-- 
-- Looking for include file asm/types.h
-- Looking for include file asm/types.h - not found
-- Looking for gettimeofday
-- Looking for gettimeofday - found
-- Looking for include file linux/filter.h
-- Looking for include file linux/filter.h - not found
-- Looking for include file linux/netlink.h
-- Looking for include file linux/netlink.h - not found
-- Looking for eventfd
-- Looking for eventfd - not found
-- Looking for timerfd_create
-- Looking for timerfd_create - not found
-- Check size of struct timespec
-- Check size of struct timespec - done
-- Looking for syslog
-- Looking for syslog - not found
-- Looking for include file syslog.h
-- Looking for include file syslog.h - not found
-- Looking for include file sys/socket.h
-- Looking for include file sys/socket.h - not found
-- Looking for clock_gettime
-- Looking for clock_gettime - found
-- ZSTD VERSION: 1.5.7
-- Performing Test C_FLAG_WALL
-- Performing Test C_FLAG_WALL - Success
-- Performing Test CXX_FLAG_WALL
-- Performing Test CXX_FLAG_WALL - Success
-- Performing Test C_FLAG_WEXTRA
-- Performing Test C_FLAG_WEXTRA - Success
-- Performing Test CXX_FLAG_WEXTRA
-- Performing Test CXX_FLAG_WEXTRA - Success
-- Performing Test C_FLAG_WUNDEF
-- Performing Test C_FLAG_WUNDEF - Success
-- Performing Test CXX_FLAG_WUNDEF
-- Performing Test CXX_FLAG_WUNDEF - Success
-- Performing Test C_FLAG_WSHADOW
-- Performing Test C_FLAG_WSHADOW - Success
-- Performing Test CXX_FLAG_WSHADOW
-- Performing Test CXX_FLAG_WSHADOW - Success
-- Performing Test C_FLAG_WCAST_ALIGN
-- Performing Test C_FLAG_WCAST_ALIGN - Success
-- Performing Test CXX_FLAG_WCAST_ALIGN
-- Performing Test CXX_FLAG_WCAST_ALIGN - Success
-- Performing Test C_FLAG_WCAST_QUAL
-- Performing Test C_FLAG_WCAST_QUAL - Success
-- Performing Test CXX_FLAG_WCAST_QUAL
-- Performing Test CXX_FLAG_WCAST_QUAL - Success
-- Performing Test C_FLAG_WSTRICT_PROTOTYPES
-- Performing Test C_FLAG_WSTRICT_PROTOTYPES - Success
-- Performing Test LD_FLAG_WL_Z_NOEXECSTACK
-- Performing Test LD_FLAG_WL_Z_NOEXECSTACK - Failed
-- Performing Test C_FLAG_QUNUSED_ARGUMENTS
-- Performing Test C_FLAG_QUNUSED_ARGUMENTS - Failed
-- Performing Test CXX_FLAG_QUNUSED_ARGUMENTS
-- Performing Test CXX_FLAG_QUNUSED_ARGUMENTS - Failed
-- Performing Test C_FLAG_WA_NOEXECSTACK
-- Performing Test C_FLAG_WA_NOEXECSTACK - Failed
-- Performing Test CXX_FLAG_WA_NOEXECSTACK
-- Performing Test CXX_FLAG_WA_NOEXECSTACK - Failed
-- CMAKE_INSTALL_PREFIX: /mxe/usr/x86_64-w64-mingw32.shared
-- CMAKE_INSTALL_LIBDIR: lib
-- ZSTD_LEGACY_SUPPORT not defined!
-- ZSTD_MULTITHREAD_SUPPORT is enabled
-- Looking for fcntl
-- Looking for fcntl - not found
-- Looking for poll
-- Looking for poll - not found
-- Looking for getaddrinfo
-- Looking for getaddrinfo - not found
-- Looking for getnameinfo
-- Looking for getnameinfo - not found
-- Looking for gethostbyname_r
-- Looking for gethostbyname_r - not found
-- Looking for gethostbyaddr_r
-- Looking for gethostbyaddr_r - not found
-- Looking for inet_pton
-- Looking for inet_pton - not found
-- Looking for inet_ntop
-- Looking for inet_ntop - not found
-- Performing Test HAS_MSGHDR_FLAGS
-- Performing Test HAS_MSGHDR_FLAGS - Failed
-- Check size of socklen_t
-- Check size of socklen_t - failed
-- Performing Test COMPILER_HAS_DEPRECATED_ATTR
-- Performing Test COMPILER_HAS_DEPRECATED_ATTR - Success
-- Looking for include file pulse/pulseaudio.h
-- Looking for include file pulse/pulseaudio.h - not found
-- Looking for include file alsa/asoundlib.h
-- Looking for include file alsa/asoundlib.h - not found
-- Looking for include file jack/jack.h
-- Looking for include file jack/jack.h - not found
-- Looking for include file sndio.h
-- Looking for include file sndio.h - not found
-- Looking for include file aaudio/AAudio.h
-- Looking for include file aaudio/AAudio.h - not found
-- Looking for include file AudioUnit/AudioUnit.h
-- Looking for include file AudioUnit/AudioUnit.h - not found
-- Looking for include file audioclient.h
-- Looking for include file audioclient.h - found
-- Looking for include files windows.h, mmsystem.h
-- Looking for include files windows.h, mmsystem.h - found
-- Looking for include file SLES/OpenSLES.h
-- Looking for include file SLES/OpenSLES.h - not found
-- Looking for include file sys/soundcard.h
-- Looking for include file sys/soundcard.h - not found
-- Looking for include file android/log.h
-- Looking for include file android/log.h - not found
-- Looking for include file sys/audioio.h
-- Looking for include file sys/audioio.h - not found
-- Looking for include file kai.h
-- Looking for include file kai.h - not found
-- Could NOT find Doxygen (missing: DOXYGEN_EXECUTABLE) 
CMake Deprecation Warning at externals/discord-rpc/CMakeLists.txt:1 (cmake_minimum_required):
  Compatibility with CMake < 3.10 will be removed from a future version of
  CMake.

  Update the VERSION argument <min> value.  Or, use the <min>...<max> syntax
  to tell CMake that the project requires at least <min> but has been updated
  to work with policies introduced by <max> or earlier.


no rapidjson, download
CMake Deprecation Warning at externals/libressl/CMakeLists.txt:5 (cmake_minimum_required):
  Compatibility with CMake < 3.10 will be removed from a future version of
  CMake.

  Update the VERSION argument <min> value.  Or, use the <min>...<max> syntax
  to tell CMake that the project requires at least <min> but has been updated
  to work with policies introduced by <max> or earlier.


-- Looking for asprintf
-- Looking for asprintf - found
-- Looking for reallocarray
-- Looking for reallocarray - not found
-- Looking for strndup
-- Looking for strndup - not found
-- Looking for timegm
-- Looking for timegm - not found
-- Looking for arc4random_buf
-- Looking for arc4random_buf - not found
-- Looking for arc4random_uniform
-- Looking for arc4random_uniform - not found
-- Looking for explicit_bzero
-- Looking for explicit_bzero - not found
-- Looking for getentropy
-- Looking for getentropy - not found
-- Looking for getpagesize
-- Looking for getpagesize - not found
-- Looking for getprogname
-- Looking for getprogname - not found
-- Looking for syslog_r
-- Looking for syslog_r - not found
-- Looking for syslog
-- Looking for syslog - not found
-- Looking for timespecsub
-- Looking for timespecsub - not found
-- Looking for timingsafe_bcmp
-- Looking for timingsafe_bcmp - not found
-- Looking for timingsafe_memcmp
-- Looking for timingsafe_memcmp - not found
-- Looking for memmem
-- Looking for memmem - not found
-- Looking for include file endian.h
-- Looking for include file endian.h - not found
-- Looking for include file machine/endian.h
-- Looking for include file machine/endian.h - not found
-- Looking for include file err.h
-- Looking for include file err.h - not found
-- Looking for 3 include files sys/types.h, ..., netinet/ip.h
-- Looking for 3 include files sys/types.h, ..., netinet/ip.h - not found
-- Check size of time_t
-- Check size of time_t - done
-- {fmt} version: 11.0.2
-- Build type: Release
-- Performing Test HAVE_STDC_FORMAT_MACROS
-- Performing Test HAVE_STDC_FORMAT_MACROS - Success
-- Performing Test HAVE_LIBATOMIC
-- Performing Test HAVE_LIBATOMIC - Success
-- Performing Test HAVE_WNO_CXX20_ATTR_EXT
-- Performing Test HAVE_WNO_CXX20_ATTR_EXT - Success
-- Performing Test HAVE_WNO_INTERFERENCE_SIZE
-- Performing Test HAVE_WNO_INTERFERENCE_SIZE - Success
-- Performing Test HAVE_FNO_MATH_ERRNO
-- Performing Test HAVE_FNO_MATH_ERRNO - Success
-- Performing Test HAVE_MSSE2_SWITCH
-- Performing Test HAVE_MSSE2_SWITCH - Success
-- Looking for xmmintrin.h
-- Looking for xmmintrin.h - found
-- Looking for emmintrin.h
-- Looking for emmintrin.h - found
-- Looking for pmmintrin.h
-- Looking for pmmintrin.h - found
-- Looking for smmintrin.h
-- Looking for smmintrin.h - found
-- Looking for arm_neon.h
-- Looking for arm_neon.h - not found
-- Performing Test HAVE_SSE_INTRINSICS
-- Performing Test HAVE_SSE_INTRINSICS - Success
-- Looking for cpuid.h
-- Looking for cpuid.h - found
-- Looking for intrin.h
-- Looking for intrin.h - found
-- Looking for guiddef.h
-- Looking for guiddef.h - found
-- Looking for clock_gettime in rt
-- Looking for clock_gettime in rt - not found
-- Looking for dlopen in dl
-- Looking for dlopen in dl - found
-- Performing Test HAVE_GCC_GET_CPUID
-- Performing Test HAVE_GCC_GET_CPUID - Success
-- Performing Test HAVE_CPUID_INTRINSIC
-- Performing Test HAVE_CPUID_INTRINSIC - Success
-- Looking for proc_pidpath
-- Looking for proc_pidpath - not found
-- Checking for module 'libpipewire-0.3>=0.3.23'
--   Package libpipewire-0.3 was not found in the pkg-config search path.
Perhaps you should add the directory containing `libpipewire-0.3.pc'
to the PKG_CONFIG_PATH environment variable
Package 'libpipewire-0.3', required by 'world', not found
-- Could NOT find PulseAudio (missing: PULSEAUDIO_LIBRARY PULSEAUDIO_INCLUDE_DIR) 
-- Could NOT find JACK (missing: JACK_LIBRARY JACK_INCLUDE_DIR) 
-- Could NOT find OpenSL (missing: OPENSL_LIBRARY OPENSL_INCLUDE_DIR OPENSL_ANDROID_INCLUDE_DIR) 
-- Could NOT find PortAudio (missing: PORTAUDIO_LIBRARY PORTAUDIO_INCLUDE_DIR) 
-- 
-- Building OpenAL with support for the following backends:
--     WinMM, DirectSound, WASAPI, WaveFile, Null
-- 
-- Building with support for CPU extensions:
--     Default, SSE, SSE2, SSE3, SSE4.1
-- 
-- Building with legacy EAX extension support
-- 
-- NOT installing library and headers
-- 
-- Found Python3: /usr/bin/python3.13 (found version "3.13.5") found components: Interpreter
Disabling PCH
-- optimizer enabled
CMake Deprecation Warning at externals/sirit/CMakeLists.txt:3 (cmake_minimum_required):
  Compatibility with CMake < 3.10 will be removed from a future version of
  CMake.

  Update the VERSION argument <min> value.  Or, use the <min>...<max> syntax
  to tell CMake that the project requires at least <min> but has been updated
  to work with policies introduced by <max> or earlier.


-- xxHash build type: Release
-- Architecture: x86_64
-- Enabling SSE2 for xxHash
CMake Warning (dev) at src/citra_meta/CMakeLists.txt:62 (add_custom_command):
  The following keywords are not supported when using
  add_custom_command(TARGET): DEPENDS.

  Policy CMP0175 is not set: add_custom_command() rejects invalid arguments.
  Run "cmake --help-policy CMP0175" for policy details.  Use the cmake_policy
  command to set the policy and suppress this warning.
This warning is for project developers.  Use -Wno-dev to suppress it.

-- Creating base bundle target
-- Adding citra_meta to bundle target
-- Adding citra_room_standalone to bundle target
-- Configuring done (45.2s)
-- Generating done (0.6s)
CMake Warning:
  Manually-specified variables were not used by the project:

    CMAKE_POLICY_DEFAULT_CMP0017
    CMAKE_POLICY_DEFAULT_CMP0020


-- Build files have been written to: /build
[  0%] Building C object externals/xxHash/cmake_unofficial/CMakeFiles/xxhash.dir/__/xxhash.c.obj
[  0%] Building CXX object externals/fmt/CMakeFiles/fmt.dir/src/format.cc.obj
[  0%] Building CXX object externals/fmt/CMakeFiles/fmt.dir/src/os.cc.obj
[  0%] Building C object externals/enet/CMakeFiles/enet.dir/callbacks.c.obj
[  0%] Building C object externals/zstd/build/cmake/lib/CMakeFiles/libzstd_static.dir/__/__/__/lib/common/debug.c.obj
[  0%] Building C object externals/cubeb/CMakeFiles/speex.dir/subprojects/speex/resample.c.obj
[  0%] Building C object externals/dynarmic/externals/zydis/zycore/CMakeFiles/Zycore.dir/src/API/Memory.c.obj
[  0%] Building CXX object externals/teakra/src/CMakeFiles/teakra.dir/ahbm.cpp.obj
[  0%] Building C object externals/faad2/CMakeFiles/faad2.dir/faad2/libfaad/bits.c.obj
[  0%] Building C object externals/libressl/ssl/CMakeFiles/ssl_obj.dir/bio_ssl.c.obj
[  0%] Generating include/SDL2/SDL.h
[  0%] Building CXX object externals/soundtouch/CMakeFiles/SoundTouch.dir/source/SoundTouch/AAFilter.cpp.obj
[  0%] Building C object externals/libusb/CMakeFiles/usb.dir/libusb/libusb/core.c.obj
[  0%] Building CXX object externals/discord-rpc/src/CMakeFiles/discord-rpc.dir/discord_rpc.cpp.obj
[  0%] Building CXX object externals/lodepng/CMakeFiles/lodepng.dir/lodepng/lodepng.cpp.obj
[  0%] Building C object externals/glad/CMakeFiles/glad.dir/src/glad.c.obj
[  0%] Generating version_witness.txt
[  0%] Update build-version.inc in the SPIRV-Tools build directory (if necessary).
[  0%] Building CXX object externals/openal-soft/CMakeFiles/alsoft.common.dir/common/alassert.cpp.obj
[  0%] Generate info tables for SPIR-V vunified1 core instructions and operands.
[  0%] Generate enum-string mapping for SPIR-V vunified1.
[  0%] Generate extended instruction tables for spv-amd-shader-explicit-vertex-parameter.
[  0%] Generate language specific header for NonSemanticShaderDebugInfo100.
[  0%] Generate extended instruction tables for spv-amd-shader-ballot.
[  0%] Generate extended instruction tables for spv-amd-shader-trinary-minmax.
[  0%] Generate extended instruction tables for spv-amd-gcn-shader.
[  0%] Generate extended instruction tables for opencl.debuginfo.100.
[  1%] Generate extended instruction tables for debuginfo.
[  1%] Generate extended instruction tables for nonsemantic.shader.debuginfo.100.
[  1%] Generate extended instruction tables for nonsemantic.clspvreflection.
[  1%] Generate extended instruction tables for nonsemantic.vkspreflection.
[  1%] Building C object externals/zstd/build/cmake/lib/CMakeFiles/libzstd_static.dir/__/__/__/lib/common/entropy_common.c.obj
[  1%] Built target speex
[  1%] Linking C static library libxxhash.a
[  1%] Building C object externals/faad2/CMakeFiles/faad2.dir/faad2/libfaad/cfft.c.obj
[  1%] Generating include/SDL2/SDL_assert.h
[  1%] Building CXX object externals/teakra/src/CMakeFiles/teakra.dir/apbp.cpp.obj
[  1%] Building CXX object externals/soundtouch/CMakeFiles/SoundTouch.dir/source/SoundTouch/BPMDetect.cpp.obj
[  1%] Linking CXX static library liblodepng.a
[  1%] Building CXX object externals/soundtouch/CMakeFiles/SoundTouch.dir/source/SoundTouch/cpu_detect_x86.cpp.obj
[  1%] Building C object externals/enet/CMakeFiles/enet.dir/compress.c.obj
[  1%] Building C object externals/libressl/ssl/CMakeFiles/ssl_obj.dir/d1_both.c.obj
[  1%] Generate tables based on the SPIR-V XML registry.
[  1%] Building CXX object externals/openal-soft/CMakeFiles/alsoft.common.dir/common/alcomplex.cpp.obj
[  1%] Building C object externals/dynarmic/externals/zydis/zycore/CMakeFiles/Zycore.dir/src/API/Process.c.obj
[  1%] Building C object externals/libusb/CMakeFiles/usb.dir/libusb/libusb/descriptor.c.obj
[  2%] Linking CXX static library libfmt.a
[  2%] Building CXX object externals/discord-rpc/src/CMakeFiles/discord-rpc.dir/rpc_connection.cpp.obj
[  2%] Linking C static library libglad.a
[  2%] Generating include/SDL2/SDL_atomic.h
[  2%] Building C object externals/zstd/build/cmake/lib/CMakeFiles/libzstd_static.dir/__/__/__/lib/common/error_private.c.obj
[  2%] Building C object externals/faad2/CMakeFiles/faad2.dir/faad2/libfaad/common.c.obj
[  2%] Building CXX object externals/soundtouch/CMakeFiles/SoundTouch.dir/source/SoundTouch/FIFOSampleBuffer.cpp.obj
[  2%] Building C object externals/dynarmic/externals/zydis/zycore/CMakeFiles/Zycore.dir/src/API/Synchronization.c.obj
[  2%] Built target alsoft.build_version
[  2%] Building C object externals/libressl/crypto/CMakeFiles/crypto_obj.dir/aes/aes_core.c.obj
[  2%] Building CXX object externals/teakra/src/CMakeFiles/teakra.dir/btdmp.cpp.obj
[  2%] Building C object externals/enet/CMakeFiles/enet.dir/host.c.obj
[  2%] Building CXX object externals/discord-rpc/src/CMakeFiles/discord-rpc.dir/serialization.cpp.obj
[  2%] Generating include/SDL2/SDL_audio.h
[  2%] Building C object externals/libusb/CMakeFiles/usb.dir/libusb/libusb/hotplug.c.obj
[  2%] Building C object externals/zstd/build/cmake/lib/CMakeFiles/libzstd_static.dir/__/__/__/lib/common/fse_decompress.c.obj
[  2%] Building C object externals/faad2/CMakeFiles/faad2.dir/faad2/libfaad/decoder.c.obj
[  2%] Building C object externals/faad2/CMakeFiles/faad2.dir/faad2/libfaad/drc.c.obj
[  2%] Building C object externals/libressl/ssl/CMakeFiles/ssl_obj.dir/d1_lib.c.obj
[  2%] Built target xxhash
[  2%] Building CXX object externals/openal-soft/CMakeFiles/alsoft.common.dir/common/alsem.cpp.obj
[  2%] Built target lodepng
[  2%] Building CXX object externals/openal-soft/CMakeFiles/alsoft.common.dir/common/alstring.cpp.obj
[  2%] Built target glad
[  2%] Building C object externals/faad2/CMakeFiles/faad2.dir/faad2/libfaad/error.c.obj
[  2%] Building C object externals/faad2/CMakeFiles/faad2.dir/faad2/libfaad/filtbank.c.obj
[  2%] Generating include/SDL2/SDL_bits.h
[  2%] Built target fmt
[  2%] Building C object externals/libressl/crypto/CMakeFiles/crypto_obj.dir/aes/aes_cbc.c.obj
[  2%] Building CXX object externals/discord-rpc/src/CMakeFiles/discord-rpc.dir/connection_win.cpp.obj
[  2%] Building C object externals/zstd/build/cmake/lib/CMakeFiles/libzstd_static.dir/__/__/__/lib/common/pool.c.obj
[  2%] Building C object externals/libressl/crypto/CMakeFiles/crypto_obj.dir/camellia/camellia.c.obj
[  2%] Building CXX object externals/soundtouch/CMakeFiles/SoundTouch.dir/source/SoundTouch/FIRFilter.cpp.obj
[  2%] Building C object externals/dynarmic/externals/zydis/zycore/CMakeFiles/Zycore.dir/src/API/Terminal.c.obj
[  2%] Building CXX object externals/soundtouch/CMakeFiles/SoundTouch.dir/source/SoundTouch/InterpolateCubic.cpp.obj
[  2%] Building C object externals/enet/CMakeFiles/enet.dir/list.c.obj
[  2%] Building CXX object externals/teakra/src/CMakeFiles/teakra.dir/disassembler.cpp.obj
[  2%] Building C object externals/libusb/CMakeFiles/usb.dir/libusb/libusb/io.c.obj
[  2%] Building C object externals/dynarmic/externals/zydis/zycore/CMakeFiles/Zycore.dir/src/API/Thread.c.obj
[  2%] Building C object externals/libressl/ssl/CMakeFiles/ssl_obj.dir/d1_pkt.c.obj
[  2%] Building CXX object externals/openal-soft/CMakeFiles/alsoft.common.dir/common/althrd_setname.cpp.obj
[  2%] Building CXX object externals/soundtouch/CMakeFiles/SoundTouch.dir/source/SoundTouch/InterpolateLinear.cpp.obj
[  2%] Building C object externals/faad2/CMakeFiles/faad2.dir/faad2/libfaad/huffman.c.obj
[  2%] Building C object externals/enet/CMakeFiles/enet.dir/packet.c.obj
[  2%] Generating include/SDL2/SDL_blendmode.h
[  2%] Building C object externals/libressl/crypto/CMakeFiles/crypto_obj.dir/camellia/cmll_cbc.c.obj
[  2%] Generate language specific header for OpenCLDebugInfo100.
[  2%] Generate language specific header for DebugInfo.
[  2%] Building CXX object externals/discord-rpc/src/CMakeFiles/discord-rpc.dir/discord_register_win.cpp.obj
[  2%] Generating include/SDL2/SDL_clipboard.h
[  2%] Building C object externals/zstd/build/cmake/lib/CMakeFiles/libzstd_static.dir/__/__/__/lib/common/threading.c.obj
[  2%] Built target spv-tools-vkspreflection
[  2%] Built target spv-tools-clspvreflection
[  2%] Building C object externals/enet/CMakeFiles/enet.dir/peer.c.obj
[  2%] Built target spv-tools-spv-amd-gs
[  2%] Built target spv-tools-spv-amd-sb
[  2%] Building C object externals/dynarmic/externals/zydis/zycore/CMakeFiles/Zycore.dir/src/Allocator.c.obj
[  2%] Built target spirv-tools-header-NonSemanticShaderDebugInfo100
[  2%] Built target spv-tools-spv-amd-sevp
[  2%] Built target spv-tools-debuginfo
[  2%] Building C object externals/faad2/CMakeFiles/faad2.dir/faad2/libfaad/is.c.obj
[  2%] Built target spv-tools-cldi100
[  2%] Building C object externals/enet/CMakeFiles/enet.dir/protocol.c.obj
[  2%] Built target spv-tools-spv-amd-stm
[  3%] Building C object externals/dynarmic/externals/zydis/zycore/CMakeFiles/Zycore.dir/src/ArgParse.c.obj
[  3%] Building C object externals/libusb/CMakeFiles/usb.dir/libusb/libusb/strerror.c.obj
[  3%] Building CXX object externals/soundtouch/CMakeFiles/SoundTouch.dir/source/SoundTouch/InterpolateShannon.cpp.obj
[  3%] Building C object externals/libressl/ssl/CMakeFiles/ssl_obj.dir/d1_srtp.c.obj
[  3%] Building C object externals/libressl/crypto/CMakeFiles/crypto_obj.dir/rc4/rc4_enc.c.obj
[  3%] Built target spv-tools-shdi100
[  3%] Building CXX object externals/soundtouch/CMakeFiles/SoundTouch.dir/source/SoundTouch/mmx_optimized.cpp.obj
[  3%] Generating include/SDL2/SDL_copying.h
[  3%] Building CXX object externals/openal-soft/CMakeFiles/alsoft.common.dir/common/dynload.cpp.obj
[  3%] Building C object externals/faad2/CMakeFiles/faad2.dir/faad2/libfaad/mdct.c.obj
[  3%] Building CXX object externals/teakra/src/CMakeFiles/teakra.dir/dma.cpp.obj
[  3%] Building C object externals/faad2/CMakeFiles/faad2.dir/faad2/libfaad/mp4.c.obj
[  3%] Building C object externals/libressl/crypto/CMakeFiles/crypto_obj.dir/rc4/rc4_skey.c.obj
[  3%] Building CXX object externals/teakra/src/CMakeFiles/teakra.dir/timer.cpp.obj
[  3%] Building C object externals/libressl/ssl/CMakeFiles/ssl_obj.dir/pqueue.c.obj
[  3%] Building C object externals/zstd/build/cmake/lib/CMakeFiles/libzstd_static.dir/__/__/__/lib/common/xxhash.c.obj
[  3%] Building CXX object externals/teakra/src/CMakeFiles/teakra.dir/memory_interface.cpp.obj
[  3%] Building C object externals/dynarmic/externals/zydis/zycore/CMakeFiles/Zycore.dir/src/Bitset.c.obj
[  3%] Building C object externals/libressl/crypto/CMakeFiles/crypto_obj.dir/whrlpool/wp_block.c.obj
[  3%] Built target enum_string_mapping
[  3%] Building CXX object externals/teakra/src/CMakeFiles/teakra.dir/mmio.cpp.obj
[  3%] Linking CXX static library libdiscord-rpc.a
[  3%] Building CXX object externals/openal-soft/CMakeFiles/alsoft.common.dir/common/pffft.cpp.obj
[  3%] Generating include/SDL2/SDL_cpuinfo.h
[  3%] Building CXX object externals/teakra/src/CMakeFiles/teakra.dir/parser.cpp.obj
[  3%] Building CXX object externals/teakra/src/CMakeFiles/teakra.dir/processor.cpp.obj
[  3%] Built target spirv-tools-build-version
[  3%] Building C object externals/zstd/build/cmake/lib/CMakeFiles/libzstd_static.dir/__/__/__/lib/common/zstd_common.c.obj
[  3%] Building CXX object externals/soundtouch/CMakeFiles/SoundTouch.dir/source/SoundTouch/PeakFinder.cpp.obj
[  3%] Building CXX object externals/sirit/sirit/src/CMakeFiles/sirit.dir/sirit.cpp.obj
[  3%] Building C object externals/libressl/crypto/CMakeFiles/crypto_obj.dir/cpt_err.c.obj
[  3%] Building CXX object externals/openal-soft/CMakeFiles/alsoft.common.dir/common/polyphase_resampler.cpp.obj
[  3%] Building C object externals/libressl/ssl/CMakeFiles/ssl_obj.dir/s3_cbc.c.obj
[  3%] Building CXX object externals/sirit/sirit/src/CMakeFiles/sirit.dir/instructions/type.cpp.obj
[  3%] Building CXX object externals/teakra/src/CMakeFiles/teakra.dir/teakra.cpp.obj
[  3%] Building C object externals/enet/CMakeFiles/enet.dir/unix.c.obj
[  3%] Building C object externals/faad2/CMakeFiles/faad2.dir/faad2/libfaad/output.c.obj
[  3%] Building CXX object externals/openal-soft/CMakeFiles/alsoft.common.dir/common/ringbuffer.cpp.obj
[  3%] Building C object externals/faad2/CMakeFiles/faad2.dir/faad2/libfaad/ms.c.obj
[  3%] Building C object externals/faad2/CMakeFiles/faad2.dir/faad2/libfaad/pns.c.obj
[  3%] Building CXX object externals/sirit/sirit/src/CMakeFiles/sirit.dir/instructions/constant.cpp.obj
[  3%] Building C object externals/libressl/ssl/CMakeFiles/ssl_obj.dir/s3_lib.c.obj
[  3%] Building CXX object externals/sirit/sirit/src/CMakeFiles/sirit.dir/instructions/function.cpp.obj
[  3%] Building C object externals/libusb/CMakeFiles/usb.dir/libusb/libusb/sync.c.obj
[  3%] Building C object externals/enet/CMakeFiles/enet.dir/win32.c.obj
[  3%] Building C object externals/dynarmic/externals/zydis/zycore/CMakeFiles/Zycore.dir/src/Format.c.obj
[  4%] Building C object externals/libressl/crypto/CMakeFiles/crypto_obj.dir/cryptlib.c.obj
[  4%] Generating include/SDL2/SDL_egl.h
[  4%] Building C object externals/zstd/build/cmake/lib/CMakeFiles/libzstd_static.dir/__/__/__/lib/compress/fse_compress.c.obj
[  4%] Building CXX object externals/soundtouch/CMakeFiles/SoundTouch.dir/source/SoundTouch/RateTransposer.cpp.obj
[  4%] Building C object externals/libressl/crypto/CMakeFiles/crypto_obj.dir/crypto_init.c.obj
[  4%] Building CXX object externals/sirit/sirit/src/CMakeFiles/sirit.dir/instructions/flow.cpp.obj
[  4%] Building CXX object externals/soundtouch/CMakeFiles/SoundTouch.dir/source/SoundTouch/SoundTouch.cpp.obj
[  4%] Building C object externals/libusb/CMakeFiles/usb.dir/libusb/libusb/os/windows_winusb.c.obj
[  4%] Building CXX object externals/openal-soft/CMakeFiles/alsoft.common.dir/common/strutils.cpp.obj
[  4%] Building C object externals/libusb/CMakeFiles/usb.dir/libusb/libusb/os/windows_usbdk.c.obj
[  4%] Generating include/SDL2/SDL_endian.h
[  4%] Building C object externals/faad2/CMakeFiles/faad2.dir/faad2/libfaad/pulse.c.obj
[  4%] Building C object externals/dynarmic/externals/zydis/zycore/CMakeFiles/Zycore.dir/src/List.c.obj
[  4%] Generating ca_ES_valencia.qm
[  4%] Generating include/SDL2/SDL_error.h
[  4%] Building C object externals/faad2/CMakeFiles/faad2.dir/faad2/libfaad/syntax.c.obj
[  4%] Built target core_tables
[  4%] Building C object externals/faad2/CMakeFiles/faad2.dir/faad2/libfaad/specrec.c.obj
[  4%] Building CXX object externals/soundtouch/CMakeFiles/SoundTouch.dir/source/SoundTouch/sse_optimized.cpp.obj
[  5%] Generating include/video_core/host_shaders/format_reinterpreter/d24s8_to_rgba8_frag.h
[  5%] Generating include/SDL2/SDL_events.h
[  5%] Built target spirv-tools-header-OpenCLDebugInfo100
[  5%] Built target discord-rpc
[  6%] Generating include/SDL2/SDL_filesystem.h
[  6%] Building C object externals/libressl/ssl/CMakeFiles/ssl_obj.dir/ssl_algs.c.obj
[  7%] Building C object externals/libusb/CMakeFiles/usb.dir/libusb/libusb/os/windows_common.c.obj
[  7%] Building C object externals/faad2/CMakeFiles/faad2.dir/faad2/libfaad/tns.c.obj
[  9%] Building C object externals/zstd/build/cmake/lib/CMakeFiles/libzstd_static.dir/__/__/__/lib/compress/hist.c.obj
[  9%] Building C object externals/libusb/CMakeFiles/usb.dir/libusb/libusb/os/events_windows.c.obj
[  9%] Building CXX object externals/soundtouch/CMakeFiles/SoundTouch.dir/source/SoundTouch/TDStretch.cpp.obj
[  9%] Built target spirv-tools-header-DebugInfo
[ 10%] Linking C static library libenet.a
[ 10%] Building CXX object externals/teakra/src/CMakeFiles/teakra.dir/test_generator.cpp.obj
[ 10%] Generating include/SDL2/SDL_gamecontroller.h
[ 10%] Generating include/video_core/host_shaders/format_reinterpreter/rgba4_to_rgb5a1_frag.h
[ 10%] Building CXX object externals/dynarmic/externals/mcl/src/CMakeFiles/mcl.dir/assert.cpp.obj
[ 10%] Building C object externals/libressl/crypto/CMakeFiles/crypto_obj.dir/cversion.c.obj
[ 10%] Building CXX object externals/sirit/sirit/src/CMakeFiles/sirit.dir/instructions/debug.cpp.obj
[ 10%] Building C object externals/libusb/CMakeFiles/usb.dir/libusb/libusb/os/threads_windows.c.obj
[ 11%] Building CXX object externals/sirit/sirit/src/CMakeFiles/sirit.dir/instructions/derivatives.cpp.obj
[ 11%] Building C object externals/libressl/ssl/CMakeFiles/ssl_obj.dir/ssl_asn1.c.obj
[ 11%] Generating da_DK.qm
[ 11%] Building C object externals/cubeb/CMakeFiles/cubeb.dir/src/cubeb.c.obj
[ 11%] Generating include/video_core/host_shaders/format_reinterpreter/vulkan_d24s8_to_rgba8_comp.h
[ 11%] Building C object externals/libressl/ssl/CMakeFiles/ssl_obj.dir/ssl_both.c.obj
[ 11%] Building C object externals/dynarmic/externals/zydis/zycore/CMakeFiles/Zycore.dir/src/String.c.obj
[ 11%] Building C object externals/libressl/ssl/CMakeFiles/ssl_obj.dir/ssl_cert.c.obj
[ 11%] Generating include/SDL2/SDL_gesture.h
[ 11%] Building C object externals/zstd/build/cmake/lib/CMakeFiles/libzstd_static.dir/__/__/__/lib/compress/huf_compress.c.obj
Detected locale "C" with character encoding "ANSI_X3.4-1968", which is not UTF-8.
Qt depends on a UTF-8 locale, and has switched to "C.UTF-8" instead.
If this causes problems, reconfigure your locale. See the locale(1) manual
for more information.
[ 11%] Linking CXX static library libalsoft.common.a
[ 11%] Generating include/SDL2/SDL_guid.h
[ 11%] Building CXX object externals/sirit/sirit/src/CMakeFiles/sirit.dir/instructions/memory.cpp.obj
[ 11%] Building C object externals/dynarmic/externals/zydis/zycore/CMakeFiles/Zycore.dir/src/Vector.c.obj
[ 11%] Building C object externals/libressl/crypto/CMakeFiles/crypto_obj.dir/ex_data.c.obj
[ 11%] Building CXX object externals/sirit/sirit/src/CMakeFiles/sirit.dir/instructions/annotation.cpp.obj
[ 11%] Linking C static library libfaad2.a
[ 11%] Generate info tables for GLSL extended instructions and operands vunified1.
[ 11%] Generating include/video_core/host_shaders/texture_filtering/bicubic_frag.h
[ 11%] Generate info tables for OpenCL extended instructions and operands vunified1.
Detected locale "C" with character encoding "ANSI_X3.4-1968", which is not UTF-8.
Qt depends on a UTF-8 locale, and has switched to "C.UTF-8" instead.
If this causes problems, reconfigure your locale. See the locale(1) manual
for more information.
[ 11%] Building C object externals/dynarmic/externals/zydis/zycore/CMakeFiles/Zycore.dir/src/Zycore.c.obj
[ 11%] Building CXX object externals/sirit/sirit/src/CMakeFiles/sirit.dir/instructions/misc.cpp.obj
[ 11%] Linking CXX static library libSoundTouch.a
[ 11%] Building CXX object externals/cubeb/CMakeFiles/cubeb.dir/src/cubeb_audio_dump.cpp.obj
[ 11%] Generating include/SDL2/SDL_haptic.h
[ 11%] Generating include/video_core/host_shaders/texture_filtering/refine_frag.h
[ 11%] Generating de.qm
[ 11%] Building C object externals/libressl/ssl/CMakeFiles/ssl_obj.dir/ssl_ciph.c.obj
[ 12%] Linking CXX static library libmcl.a
[ 12%] Generating el.qm
[ 12%] Generating include/video_core/host_shaders/texture_filtering/scale_force_frag.h
[ 13%] Linking CXX static library libteakra.a
[ 12%] Building CXX object externals/sirit/sirit/src/CMakeFiles/sirit.dir/instructions/logical.cpp.obj
[ 13%] Building C object externals/zstd/build/cmake/lib/CMakeFiles/libzstd_static.dir/__/__/__/lib/compress/zstd_compress.c.obj
[ 13%] Generating es_419.qm
[ 13%] Building C object externals/libressl/crypto/CMakeFiles/crypto_obj.dir/malloc-wrapper.c.obj
[ 14%] Building CXX object externals/cubeb/CMakeFiles/cubeb.dir/src/cubeb_mixer.cpp.obj
[ 14%] Linking C static library libusb.a
[ 14%] Generating include/SDL2/SDL_hidapi.h
[ 14%] Building C object externals/libressl/crypto/CMakeFiles/crypto_obj.dir/mem_clr.c.obj
[ 14%] Building CXX object externals/sirit/sirit/src/CMakeFiles/sirit.dir/instructions/conversion.cpp.obj
[ 14%] Building CXX object externals/cubeb/CMakeFiles/cubeb.dir/src/cubeb_resampler.cpp.obj
[ 14%] Generating include/SDL2/SDL_hints.h
[ 14%] Built target enet
[ 14%] Building C object externals/zstd/build/cmake/lib/CMakeFiles/libzstd_static.dir/__/__/__/lib/compress/zstd_compress_literals.c.obj
Updating '/build/src/citra_qt/ca_ES_valencia.qm'...
    Generated 1450 translation(s) (1450 finished and 0 unfinished)
    Ignored 29 untranslated source text(s)
[ 14%] Generating include/video_core/host_shaders/texture_filtering/xbrz_freescale_frag.h
Detected locale "C" with character encoding "ANSI_X3.4-1968", which is not UTF-8.
Qt depends on a UTF-8 locale, and has switched to "C.UTF-8" instead.
If this causes problems, reconfigure your locale. See the locale(1) manual
for more information.
[ 14%] Linking C static library libZycore.a
Detected locale "C" with character encoding "ANSI_X3.4-1968", which is not UTF-8.
Qt depends on a UTF-8 locale, and has switched to "C.UTF-8" instead.
If this causes problems, reconfigure your locale. See the locale(1) manual
for more information.
Detected locale "C" with character encoding "ANSI_X3.4-1968", which is not UTF-8.
Qt depends on a UTF-8 locale, and has switched to "C.UTF-8" instead.
If this causes problems, reconfigure your locale. See the locale(1) manual
for more information.
[ 14%] Building C object externals/zstd/build/cmake/lib/CMakeFiles/libzstd_static.dir/__/__/__/lib/compress/zstd_compress_sequences.c.obj
[ 14%] Generating es_ES.qm
[ 14%] Building C object externals/zstd/build/cmake/lib/CMakeFiles/libzstd_static.dir/__/__/__/lib/compress/zstd_compress_superblock.c.obj
[ 14%] Building CXX object externals/sirit/sirit/src/CMakeFiles/sirit.dir/instructions/bit.cpp.obj
[ 14%] Generating include/SDL2/SDL_joystick.h
[ 14%] Building C object externals/zstd/build/cmake/lib/CMakeFiles/libzstd_static.dir/__/__/__/lib/compress/zstd_double_fast.c.obj
[ 14%] Building C object externals/libressl/crypto/CMakeFiles/crypto_obj.dir/mem_dbg.c.obj
[ 14%] Generating fi.qm
[ 14%] Generating include/video_core/host_shaders/texture_filtering/mmpx_frag.h
[ 14%] Built target alsoft.common
Updating '/build/src/citra_qt/da_DK.qm'...
    Generated 712 translation(s) (644 finished and 68 unfinished)
    Ignored 767 untranslated source text(s)
[ 14%] Building C object externals/zstd/build/cmake/lib/CMakeFiles/libzstd_static.dir/__/__/__/lib/compress/zstd_fast.c.obj
[ 14%] Generating include/SDL2/SDL_keyboard.h
[ 14%] Building C object externals/libressl/ssl/CMakeFiles/ssl_obj.dir/ssl_ciphers.c.obj
[ 14%] Built target faad2
[ 14%] Building C object externals/libressl/ssl/CMakeFiles/ssl_obj.dir/ssl_clnt.c.obj
[ 14%] Building C object externals/zstd/build/cmake/lib/CMakeFiles/libzstd_static.dir/__/__/__/lib/compress/zstd_lazy.c.obj
[ 14%] Generating include/SDL2/SDL_keycode.h
[ 14%] Generating include/SDL2/SDL_loadso.h
[ 14%] Generating fr.qm
[ 14%] Built target mcl
Detected locale "C" with character encoding "ANSI_X3.4-1968", which is not UTF-8.
Qt depends on a UTF-8 locale, and has switched[ 14%] Generating include/SDL2/SDL_locale.h
 to "C.UTF-8" instead.
If this causes problems, reconfigure your locale. See the locale(1) manual
for more information.
[ 14%] Building C object externals/libressl/crypto/CMakeFiles/crypto_obj.dir/o_fips.c.obj
Detected locale "C" with character encoding "ANSI_X3.4-1968", which is not UTF-8.
Qt depends on a UTF-8 locale, and has switched to "C.UTF-8" instead.
If this causes problems, reconfigure your locale. See the locale(1) manual
for more information.
[ 14%] Building CXX object externals/cubeb/CMakeFiles/cubeb.dir/src/cubeb_log.cpp.obj
[ 14%] Building C object externals/libressl/crypto/CMakeFiles/crypto_obj.dir/o_str.c.obj
[ 14%] Building C object externals/libressl/crypto/CMakeFiles/crypto_obj.dir/o_init.c.obj
[ 14%] Built target SoundTouch
Updating '/build/src/citra_qt/de.qm'...
    Generated 1448 translation(s) (1447 finished and 1 unfinished)
    Ignored 31 untranslated source text(s)
Updating '/build/src/citra_qt/es_419.qm'...
    Generated 491 translation(s) (429 finished and 62 unfinished)
    Ignored 988 untranslated source text(s)
[ 14%] Building C object externals/libressl/ssl/CMakeFiles/ssl_obj.dir/ssl_err.c.obj
[ 14%] Building C object externals/zstd/build/cmake/lib/CMakeFiles/libzstd_static.dir/__/__/__/lib/compress/zstd_ldm.c.obj
[ 14%] Generating hu_HU.qm
[ 14%] Built target usb
[ 14%] Generating include/SDL2/SDL_log.h
[ 14%] Generating include/video_core/host_shaders/texture_filtering/x_gradient_frag.h
Updating '/build/src/citra_qt/el.qm'...
    Generated 1310 translation(s) (1308 finished and 2 unfinished)
    Ignored 169 untranslated source text(s)
[ 14%] Building C object externals/libressl/crypto/CMakeFiles/crypto_obj.dir/aes/aes_cfb.c.obj
[ 14%] Building CXX object externals/sirit/sirit/src/CMakeFiles/sirit.dir/instructions/arithmetic.cpp.obj
Detected locale "C" with character encoding "ANSI_X3.4-1968", which is not UTF-8.
Qt depends on a UTF-8 locale, and has switched to "C.UTF-8" instead.
If this causes problems, reconfigure your locale. See the locale(1) manual
for more information.
[ 14%] Building C object externals/libressl/crypto/CMakeFiles/crypto_obj.dir/aes/aes_ctr.c.obj
[ 14%] Generating include/video_core/host_shaders/texture_filtering/y_gradient_frag.h
[ 15%] Building C object externals/libressl/ssl/CMakeFiles/ssl_obj.dir/ssl_init.c.obj
[ 15%] Generating id.qm
[ 15%] Building C object externals/zstd/build/cmake/lib/CMakeFiles/libzstd_static.dir/__/__/__/lib/compress/zstd_opt.c.obj
[ 15%] Generating it.qm
[ 15%] Generating include/SDL2/SDL_main.h
[ 15%] Building CXX object externals/sirit/sirit/src/CMakeFiles/sirit.dir/instructions/extension.cpp.obj
[ 15%] Building C object externals/libressl/ssl/CMakeFiles/ssl_obj.dir/ssl_kex.c.obj
[ 15%] Building C object externals/libressl/crypto/CMakeFiles/crypto_obj.dir/aes/aes_ecb.c.obj
[ 15%] Generating ja_JP.qm
[ 15%] Generating ko_KR.qm
[ 15%] Generating lt_LT.qm
[ 15%] Built target Zycore
[ 15%] Building C object externals/cubeb/CMakeFiles/cubeb.dir/src/cubeb_strings.c.obj
[ 15%] Building C object externals/libressl/ssl/CMakeFiles/ssl_obj.dir/ssl_lib.c.obj
[ 15%] Building CXX object externals/openal-soft/CMakeFiles/OpenAL.dir/al/auxeffectslot.cpp.obj
Detected locale "C" with character encoding "ANSI_X3.4-1968", which is not UTF-8.
Qt depends on a UTF-8 locale, and has switched to "C.UTF-8" instead.
If this causes problems, reconfigure your locale. See the locale(1) manual
for more information.
[ 15%] Building C object externals/libressl/crypto/CMakeFiles/crypto_obj.dir/aes/aes_ige.c.obj
[ 15%] Generating include/SDL2/SDL_messagebox.h
[ 15%] Building C object externals/libressl/crypto/CMakeFiles/crypto_obj.dir/aes/aes_misc.c.obj
Updating '/build/src/citra_qt/fi.qm'...
    Generated 617 translation(s) (548 finished and 69 unfinished)
    Ignored 862 untranslated source text(s)
[ 15%] Generating include/video_core/host_shaders/full_screen_triangle_vert.h
Detected locale "C" with character encoding "ANSI_X3.4-1968", which is not UTF-8.
Qt depends on a UTF-8 locale, and has switched to "C.UTF-8" instead.
If this causes problems, reconfigure your locale. See the locale(1) manual
for more information.
[ 15%] Building CXX object externals/cubeb/CMakeFiles/cubeb.dir/src/cubeb_wasapi.cpp.obj
[ 15%] Building CXX object externals/cubeb/CMakeFiles/cubeb.dir/src/cubeb_utils.cpp.obj
Updating '/build/src/citra_qt/es_ES.qm'...
    Generated 1451 translation(s) (1450 finished and 1 unfinished)
    Ignored 28 untranslated source text(s)
Detected locale "C" with character encoding "ANSI_X3.4-1968", which is not UTF-8.
Qt depends on a UTF-8 locale, and has switched to "C.UTF-8" instead.
If this causes problems, reconfigure your locale. See the locale(1) manual
for more information.
[ 15%] Building C object externals/cubeb/CMakeFiles/cubeb.dir/src/cubeb_winmm.c.obj
[ 15%] Building C object externals/libressl/ssl/CMakeFiles/ssl_obj.dir/ssl_methods.c.obj
[ 15%] Building C object externals/libressl/ssl/CMakeFiles/ssl_obj.dir/ssl_packet.c.obj
Detected locale "C" with character encoding "ANSI_X3.4-1968", which is not UTF-8.
Qt depends on a UTF-8 locale, and has switched to "C.UTF-8" instead.
If this causes problems, reconfigure your locale. See the locale(1) manual
for more information.
[ 15%] Generating nb.qm
[ 15%] Generating nl.qm
[ 15%] Building C object externals/zstd/build/cmake/lib/CMakeFiles/libzstd_static.dir/__/__/__/lib/compress/zstd_preSplit.c.obj
Detected locale "C" with character encoding "ANSI_X3.4-1968", which is not UTF-8.
Qt depends on a UTF-8 locale, and has switched to "C.UTF-8" instead.
If this causes problems, reconfigure your locale. See the locale(1) manual
for more information.
Detected locale "C" with character encoding "ANSI_X3.4-1968", which is not UTF-8.
Qt depends on a UTF-8 locale, and has switched to "C.UTF-8" instead.
If this causes problems, reconfigure your locale. See the locale(1) manual
for more information.
[ 15%] Generating include/SDL2/SDL_metal.h
[ 15%] Building C object externals/zstd/build/cmake/lib/CMakeFiles/libzstd_static.dir/__/__/__/lib/compress/zstdmt_compress.c.obj
[ 15%] Building CXX object externals/openal-soft/CMakeFiles/OpenAL.dir/al/buffer.cpp.obj
[ 15%] Building CXX object externals/sirit/sirit/src/CMakeFiles/sirit.dir/instructions/image.cpp.obj
[ 15%] Building CXX object externals/sirit/sirit/src/CMakeFiles/sirit.dir/instructions/group.cpp.obj
[ 15%] Generating include/SDL2/SDL_misc.h
[ 15%] Built target extinst_tables
[ 15%] Building CXX object externals/sirit/sirit/src/CMakeFiles/sirit.dir/instructions/barrier.cpp.obj
[ 15%] Building CXX object externals/openal-soft/CMakeFiles/OpenAL.dir/al/debug.cpp.obj
[ 15%] Building C object externals/zstd/build/cmake/lib/CMakeFiles/libzstd_static.dir/__/__/__/lib/decompress/huf_decompress.c.obj
[ 15%] Building C object externals/libressl/crypto/CMakeFiles/crypto_obj.dir/aes/aes_ofb.c.obj
Updating '/build/src/citra_qt/fr.qm'...
    Generated 1479 translation(s) (1479 finished and 0 unfinished)
[ 15%] Generating include/SDL2/SDL_mouse.h
[ 15%] Generating include/video_core/host_shaders/opengl_present_frag.h
[ 15%] Building C object externals/dynarmic/externals/zydis/CMakeFiles/Zydis.dir/src/MetaInfo.c.obj
[ 15%] Building CXX object externals/sirit/sirit/src/CMakeFiles/sirit.dir/instructions/atomic.cpp.obj
Updating '/build/src/citra_qt/hu_HU.qm'...
    Generated 800 translation(s) (781 finished and 19 unfinished)
    Ignored 679 untranslated source text(s)
[ 15%] Building CXX object externals/openal-soft/CMakeFiles/OpenAL.dir/al/effect.cpp.obj
[ 15%] Building CXX object externals/openal-soft/CMakeFiles/OpenAL.dir/al/effects/autowah.cpp.obj
Updating '/build/src/citra_qt/id.qm'...
    Generated 760 translation(s) (690 finished and 70 unfinished)
    Ignored 719 untranslated source text(s)
[ 15%] Building CXX object externals/openal-soft/CMakeFiles/OpenAL.dir/al/effects/chorus.cpp.obj
Detected locale "C" with character encoding "ANSI_X3.4-1968", which is not UTF-8.
Qt depends on a UTF-8 locale, and has switched to "C.UTF-8" instead.
If this causes problems, reconfigure your locale. See the locale(1) manual
for more information.
Detected locale "C" with character encoding "ANSI_X3.4-1968", which is not UTF-8.
Qt depends on a UTF-8 locale, and has switched to "C.UTF-8" instead.
If this causes problems, reconfigure your locale. See the locale(1) manual
for more information.
[ 15%] Building C object externals/dynarmic/externals/zydis/CMakeFiles/Zydis.dir/src/Mnemonic.c.obj
[ 15%] Building C object externals/libressl/ssl/CMakeFiles/ssl_obj.dir/ssl_pkt.c.obj
[ 15%] Generating pl_PL.qm
[ 15%] Generating include/video_core/host_shaders/opengl_present_vert.h
[ 15%] Generating include/video_core/host_shaders/opengl_present_anaglyph_frag.h
[ 15%] Building C object externals/libressl/ssl/CMakeFiles/ssl_obj.dir/ssl_rsa.c.obj
Updating '/build/src/citra_qt/it.qm'...
    Generated 1479 translation(s) (1479 finished and 0 unfinished)
[ 15%] Generating include/video_core/host_shaders/opengl_present_interlaced_frag.h
[ 15%] Generating pt_BR.qm
[ 17%] Building CXX object externals/openal-soft/CMakeFiles/OpenAL.dir/al/effects/compressor.cpp.obj
Updating '/build/src/citra_qt/lt_LT.qm'...
    Generated 719 translation(s) (641 finished and 78 unfinished)
    Ignored 760 untranslated source text(s)
[ 17%] Generating include/video_core/host_shaders/vulkan_depth_to_buffer_comp.h
Updating '/build/src/citra_qt/ja_JP.qm'...
    Generated 1068 translation(s) (1027 finished and 41 unfinished)
    Ignored 411 untranslated source text(s)
Updating '/build/src/citra_qt/ko_KR.qm'...
    Generated 1032 translation(s) (1012 finished and 20 unfinished)
    Ignored 447 untranslated source text(s)
[ 18%] Generating ro_RO.qm
[ 18%] Building C object externals/libressl/crypto/CMakeFiles/crypto_obj.dir/aes/aes_wrap.c.obj
[ 18%] Generating include/SDL2/SDL_mutex.h
[ 18%] Linking CXX static library libcubeb.a
[ 18%] Building C object externals/zstd/build/cmake/lib/CMakeFiles/libzstd_static.dir/__/__/__/lib/decompress/zstd_ddict.c.obj
[ 18%] Building C object externals/libressl/crypto/CMakeFiles/crypto_obj.dir/asn1/a_bitstr.c.obj
[ 18%] Building C object externals/libressl/ssl/CMakeFiles/ssl_obj.dir/ssl_seclevel.c.obj
[ 18%] Generating include/SDL2/SDL_name.h
[ 18%] Generating include/video_core/host_shaders/vulkan_present_frag.h
[ 18%] Generating ru_RU.qm
[ 18%] Generating sv.qm
[ 18%] Building C object externals/dynarmic/externals/zydis/CMakeFiles/Zydis.dir/src/Register.c.obj
[ 18%] Building C object externals/libressl/ssl/CMakeFiles/ssl_obj.dir/ssl_sess.c.obj
Detected locale "C" with character encoding "ANSI_X3.4-1968", which is not UTF-8.
Qt depends on a UTF-8 locale, and has switched to "C.UTF-8" instead.
If this causes problems, reconfigure your locale. See the locale(1) manual
for more information.
[ 18%] Building CXX object externals/openal-soft/CMakeFiles/OpenAL.dir/al/effects/convolution.cpp.obj
[ 18%] Linking CXX static library libsirit.a
[ 18%] Building C object externals/libressl/crypto/CMakeFiles/crypto_obj.dir/asn1/a_enum.c.obj
Detected locale "C" with character encoding "ANSI_X3.4-1968", which is not UTF-8.
Qt depends on a UTF-8 locale, and has switched to "C.UTF-8" instead.
If this causes problems, reconfigure your locale. See the locale(1) manual
for more information.
[ 18%] Building C object externals/zstd/build/cmake/lib/CMakeFiles/libzstd_static.dir/__/__/__/lib/decompress/zstd_decompress.c.obj
[ 18%] Building C object externals/libressl/crypto/CMakeFiles/crypto_obj.dir/asn1/a_int.c.obj
Updating '/build/src/citra_qt/nb.qm'...
    Generated 998 translation(s) (980 finished and 18 unfinished)
    Ignored 481 untranslated source text(s)
Updating '/build/src/citra_qt/nl.qm'...
    Generated 1130 translation(s) (1122 finished and 8 unfinished)
    Ignored 349 untranslated source text(s)
[ 18%] Building C object externals/libressl/crypto/CMakeFiles/crypto_obj.dir/asn1/a_mbstr.c.obj
Detected locale "C" with character encoding "ANSI_X3.4-1968", which is not UTF-8.
Qt depends on a UTF-8 locale, and has switched to "C.UTF-8" instead.
If this causes problems, reconfigure your locale. See the locale(1) manual
for more information.
[ 18%] Building CXX object externals/openal-soft/CMakeFiles/OpenAL.dir/al/effects/dedicated.cpp.obj
[ 18%] Building C object externals/libressl/ssl/CMakeFiles/ssl_obj.dir/ssl_sigalgs.c.obj
[ 18%] Building C object externals/dynarmic/externals/zydis/CMakeFiles/Zydis.dir/src/SharedData.c.obj
[ 18%] Generating tr_TR.qm
[ 18%] Building C object externals/libressl/crypto/CMakeFiles/crypto_obj.dir/asn1/a_object.c.obj
[ 18%] Generating vi_VN.qm
[ 18%] Generating include/SDL2/SDL_opengl.h
[ 18%] Building C object externals/libressl/ssl/CMakeFiles/ssl_obj.dir/ssl_srvr.c.obj
Detected locale "C" with character encoding "ANSI_X3.4-1968", which is not UTF-8.
Qt depends on a UTF-8 locale, and has switchedDetected locale "C" with character encoding "ANSI_X3.4-1968", which is not UTF-8.
Qt depends on a UTF-8 locale, and has switched to "C.UTF-8" instead.
If this causes problems, reconfigure your locale. See the locale(1) manual
for more information.
 to "C.UTF-8" instead.
If this causes problems, reconfigure your locale. See the locale(1) manual
for more information.
[ 18%] Generating include/video_core/host_shaders/vulkan_present_vert.h
[ 18%] Building C object externals/dynarmic/externals/zydis/CMakeFiles/Zydis.dir/src/String.c.obj
[ 18%] Generating include/video_core/host_shaders/vulkan_present_anaglyph_frag.h
[ 18%] Generating zh_CN.qm
[ 18%] Building CXX object externals/openal-soft/CMakeFiles/OpenAL.dir/al/effects/distortion.cpp.obj
[ 18%] Building CXX object externals/openal-soft/CMakeFiles/OpenAL.dir/al/effects/echo.cpp.obj
[ 18%] Building CXX object externals/openal-soft/CMakeFiles/OpenAL.dir/al/effects/effects.cpp.obj
[ 18%] Building C object externals/dynarmic/externals/zydis/CMakeFiles/Zydis.dir/src/Utils.c.obj
[ 18%] Building CXX object externals/openal-soft/CMakeFiles/OpenAL.dir/al/effects/equalizer.cpp.obj
[ 18%] Building CXX object externals/spirv-tools/source/CMakeFiles/SPIRV-Tools-static.dir/util/bit_vector.cpp.obj
Detected locale "C" with character encoding "ANSI_X3.4-1968", which is not UTF-8.
Qt depends on a UTF-8 locale, and has switched to "C.UTF-8" instead.
If this causes problems, reconfigure your locale. See the locale(1) manual
for more information.
[ 18%] Building C object externals/dynarmic/externals/zydis/CMakeFiles/Zydis.dir/src/Zydis.c.obj
[ 18%] Building C object externals/zstd/build/cmake/lib/CMakeFiles/libzstd_static.dir/__/__/__/lib/decompress/zstd_decompress_block.c.obj
Detected locale "C" with character encoding "ANSI_X3.4-1968", which is not UTF-8.
Qt depends on a UTF-8 locale, and has switched to "C.UTF-8" instead.
If this causes problems, reconfigure your locale. See the locale(1) manual
for more information.
[ 18%] Building C object externals/dynarmic/externals/zydis/CMakeFiles/Zydis.dir/src/Decoder.c.obj
[ 18%] Building CXX object externals/openal-soft/CMakeFiles/OpenAL.dir/al/effects/fshifter.cpp.obj
Updating '/build/src/citra_qt/pt_BR.qm'...
    Generated 1479 translation(s) (1479 finished and 0 unfinished)
Updating '/build/src/citra_qt/pl_PL.qm'...
    Generated 1479 translation(s) (1479 finished and 0 unfinished)
[ 18%] Building C object externals/libressl/crypto/CMakeFiles/crypto_obj.dir/asn1/a_octet.c.obj
Detected locale "C" with character encoding "ANSI_X3.4-1968", which is not UTF-8.
Qt depends on a UTF-8 locale, and has switched to "C.UTF-8" instead.
If this causes problems, reconfigure your locale. See the locale(1) manual
for more information.
[ 18%] Generating include/SDL2/SDL_opengl_glext.h
[ 18%] Building CXX object externals/spirv-tools/source/CMakeFiles/SPIRV-Tools-static.dir/util/parse_number.cpp.obj
[ 18%] Generating zh_TW.qm
[ 18%] Building C object externals/libressl/crypto/CMakeFiles/crypto_obj.dir/asn1/a_pkey.c.obj
Updating '/build/src/citra_qt/ro_RO.qm'...
    Generated 1104 translation(s) (1088 finished and 16 unfinished)
    Ignored 375 untranslated source text(s)
[ 18%] Building CXX object externals/spirv-tools/source/CMakeFiles/SPIRV-Tools-static.dir/util/string_utils.cpp.obj
[ 18%] Building CXX object externals/spirv-tools/source/CMakeFiles/SPIRV-Tools-static.dir/assembly_grammar.cpp.obj
[ 18%] Building C object externals/zstd/build/cmake/lib/CMakeFiles/libzstd_static.dir/__/__/__/lib/dictBuilder/cover.c.obj
[ 18%] Building C object externals/libressl/ssl/CMakeFiles/ssl_obj.dir/ssl_stat.c.obj
[ 19%] Building C object externals/libressl/crypto/CMakeFiles/crypto_obj.dir/asn1/a_print.c.obj
[ 19%] Generating include/video_core/host_shaders/vulkan_present_interlaced_frag.h
[ 19%] Building CXX object externals/spirv-tools/source/CMakeFiles/SPIRV-Tools-static.dir/binary.cpp.obj
[ 19%] Building CXX object externals/spirv-tools/source/CMakeFiles/SPIRV-Tools-static.dir/diagnostic.cpp.obj
Updating '/build/src/citra_qt/sv.qm'...
    Generated 1450 translation(s) (1449 finished and 1 unfinished)
    Ignored 29 untranslated source text(s)
[ 19%] Building C object externals/libressl/crypto/CMakeFiles/crypto_obj.dir/asn1/a_strex.c.obj
[ 19%] Building C object externals/libressl/crypto/CMakeFiles/crypto_obj.dir/asn1/a_pubkey.c.obj
[ 19%] Generating include/video_core/host_shaders/vulkan_blit_depth_stencil_frag.h
Updating '/build/src/citra_qt/ru_RU.qm'...
    Generated 1083 translation(s) (1047 finished and 36 unfinished)
    Ignored 396 untranslated source text(s)
[ 19%] Building C object externals/libressl/crypto/CMakeFiles/crypto_obj.dir/asn1/a_string.c.obj
[ 19%] Building CXX object externals/openal-soft/CMakeFiles/OpenAL.dir/al/effects/modulator.cpp.obj
[ 19%] Built target cubeb
[ 19%] Built target sirit
[ 19%] Building C object externals/dynarmic/externals/zydis/CMakeFiles/Zydis.dir/src/DecoderData.c.obj
Detected locale "C" with character encoding "ANSI_X3.4-1968", which is not UTF-8.
Qt depends on a UTF-8 locale, and has switched to "C.UTF-8" instead.
If this causes problems, reconfigure your locale. See the locale(1) manual
for more information.
[ 19%] Building C object externals/dynarmic/externals/zydis/CMakeFiles/Zydis.dir/src/Encoder.c.obj
[ 19%] Building C object externals/zstd/build/cmake/lib/CMakeFiles/libzstd_static.dir/__/__/__/lib/dictBuilder/divsufsort.c.obj
[ 19%] Building CXX object externals/spirv-tools/source/CMakeFiles/SPIRV-Tools-static.dir/disassemble.cpp.obj
[ 19%] Building C object externals/dynarmic/externals/zydis/CMakeFiles/Zydis.dir/src/EncoderData.c.obj
[ 19%] Building CXX object externals/openal-soft/CMakeFiles/OpenAL.dir/al/effects/null.cpp.obj
[ 19%] Generating include/video_core/host_shaders/vulkan_cursor_frag.h
Updating '/build/src/citra_qt/vi_VN.qm'...
    Generated 765 translation(s) (703 finished and 62 unfinished)
    Ignored 714 untranslated source text(s)
[ 19%] Building C object externals/zstd/build/cmake/lib/CMakeFiles/libzstd_static.dir/__/__/__/lib/dictBuilder/fastcover.c.obj
[ 19%] Building C object externals/libressl/crypto/CMakeFiles/crypto_obj.dir/asn1/a_strnid.c.obj
[ 19%] Building C object externals/zstd/build/cmake/lib/CMakeFiles/libzstd_static.dir/__/__/__/lib/dictBuilder/zdict.c.obj
[ 19%] Building CXX object externals/openal-soft/CMakeFiles/OpenAL.dir/al/effects/pshifter.cpp.obj
Updating '/build/src/citra_qt/tr_TR.qm'...
    Generated 1191 translation(s) (1180 finished and 11 unfinished)
    Ignored 288 untranslated source text(s)
[ 19%] Generating include/SDL2/SDL_opengles.h
[ 19%] Building CXX object externals/openal-soft/CMakeFiles/OpenAL.dir/al/effects/reverb.cpp.obj
[ 19%] Building C object externals/libressl/crypto/CMakeFiles/crypto_obj.dir/asn1/a_time_posix.c.obj
[ 19%] Building C object externals/libressl/crypto/CMakeFiles/crypto_obj.dir/asn1/a_time.c.obj
Updating '/build/src/citra_qt/zh_CN.qm'...
    Generated 1406 translation(s) (1398 finished and 8 unfinished)
    Ignored 73 untranslated source text(s)
[ 19%] Building C object externals/libressl/ssl/CMakeFiles/ssl_obj.dir/ssl_tlsext.c.obj
[ 19%] Building CXX object externals/openal-soft/CMakeFiles/OpenAL.dir/al/effects/vmorpher.cpp.obj
[ 19%] Building C object externals/dynarmic/externals/zydis/CMakeFiles/Zydis.dir/src/Disassembler.c.obj
[ 19%] Generating include/video_core/host_shaders/vulkan_cursor_vert.h
[ 19%] Building C object externals/libressl/ssl/CMakeFiles/ssl_obj.dir/ssl_txt.c.obj
[ 19%] Building CXX object externals/spirv-tools/source/CMakeFiles/SPIRV-Tools-static.dir/enum_string_mapping.cpp.obj
[ 19%] Building C object externals/libressl/ssl/CMakeFiles/ssl_obj.dir/ssl_transcript.c.obj
[ 19%] Building CXX object externals/spirv-tools/source/CMakeFiles/SPIRV-Tools-static.dir/ext_inst.cpp.obj
[ 19%] Building C object externals/dynarmic/externals/zydis/CMakeFiles/Zydis.dir/src/Formatter.c.obj
[ 19%] Building C object externals/dynarmic/externals/zydis/CMakeFiles/Zydis.dir/src/FormatterBuffer.c.obj
[ 19%] Building C object externals/libressl/crypto/CMakeFiles/crypto_obj.dir/asn1/a_time_tm.c.obj
[ 19%] Building C object externals/libressl/ssl/CMakeFiles/ssl_obj.dir/ssl_versions.c.obj
[ 19%] Generating include/SDL2/SDL_opengles2.h
[ 19%] Building C object externals/libressl/ssl/CMakeFiles/ssl_obj.dir/t1_enc.c.obj
[ 19%] Building C object externals/dynarmic/externals/zydis/CMakeFiles/Zydis.dir/src/FormatterATT.c.obj
[ 19%] Building CXX object externals/spirv-tools/source/CMakeFiles/SPIRV-Tools-static.dir/extensions.cpp.obj
[ 19%] Building CXX object externals/openal-soft/CMakeFiles/OpenAL.dir/al/error.cpp.obj
[ 19%] Building C object externals/libressl/ssl/CMakeFiles/ssl_obj.dir/t1_lib.c.obj
[ 19%] Building C object externals/libressl/crypto/CMakeFiles/crypto_obj.dir/asn1/a_type.c.obj
Updating '/build/src/citra_qt/zh_TW.qm'...
    Generated 819 translation(s) (755 finished and 64 unfinished)
    Ignored 660 untranslated source text(s)
[ 19%] Building C object externals/libressl/crypto/CMakeFiles/crypto_obj.dir/asn1/a_utf8.c.obj
[ 19%] Building C object externals/libressl/ssl/CMakeFiles/ssl_obj.dir/tls_buffer.c.obj
[ 19%] Building C object externals/libressl/crypto/CMakeFiles/crypto_obj.dir/asn1/ameth_lib.c.obj
[ 20%] Generating include/SDL2/SDL_opengles2_gl2.h
[ 20%] Building C object externals/libressl/ssl/CMakeFiles/ssl_obj.dir/tls_content.c.obj
[ 20%] Building C object externals/libressl/crypto/CMakeFiles/crypto_obj.dir/asn1/asn1_err.c.obj
[ 20%] Linking C static library libzstd.a
[ 20%] Building CXX object externals/spirv-tools/source/CMakeFiles/SPIRV-Tools-static.dir/libspirv.cpp.obj
[ 20%] Building C object externals/dynarmic/externals/zydis/CMakeFiles/Zydis.dir/src/FormatterBase.c.obj
[ 20%] Built target citra_lrelease
[ 20%] Built target host_shaders
[ 21%] Building C object externals/dynarmic/externals/zydis/CMakeFiles/Zydis.dir/src/FormatterIntel.c.obj
[ 21%] Building C object externals/dynarmic/externals/zydis/CMakeFiles/Zydis.dir/src/Segment.c.obj
[ 21%] Generating include/SDL2/SDL_opengles2_gl2ext.h
[ 21%] Building CXX object externals/spirv-tools/source/CMakeFiles/SPIRV-Tools-static.dir/name_mapper.cpp.obj
[ 21%] Building CXX object externals/openal-soft/CMakeFiles/OpenAL.dir/al/event.cpp.obj
[ 21%] Building C object externals/libressl/crypto/CMakeFiles/crypto_obj.dir/asn1/asn1_gen.c.obj
[ 21%] Building C object externals/libressl/ssl/CMakeFiles/ssl_obj.dir/tls_key_share.c.obj
[ 21%] Building C object externals/libressl/crypto/CMakeFiles/crypto_obj.dir/asn1/asn1_item.c.obj
[ 21%] Building CXX object externals/spirv-tools/source/CMakeFiles/SPIRV-Tools-static.dir/opcode.cpp.obj
[ 21%] Building C object externals/libressl/ssl/CMakeFiles/ssl_obj.dir/tls_lib.c.obj
[ 21%] Building CXX object externals/openal-soft/CMakeFiles/OpenAL.dir/al/extension.cpp.obj
[ 21%] Building CXX object externals/spirv-tools/source/CMakeFiles/SPIRV-Tools-static.dir/operand.cpp.obj
[ 21%] Building CXX object externals/openal-soft/CMakeFiles/OpenAL.dir/al/filter.cpp.obj
[ 21%] Building C object externals/libressl/ssl/CMakeFiles/ssl_obj.dir/tls12_key_schedule.c.obj
[ 21%] Building CXX object externals/openal-soft/CMakeFiles/OpenAL.dir/al/listener.cpp.obj
[ 21%] Building C object externals/libressl/crypto/CMakeFiles/crypto_obj.dir/asn1/asn1_lib.c.obj
[ 21%] Generating include/SDL2/SDL_opengles2_gl2platform.h
[ 21%] Building C object externals/libressl/ssl/CMakeFiles/ssl_obj.dir/tls12_lib.c.obj
[ 21%] Building CXX object externals/openal-soft/CMakeFiles/OpenAL.dir/al/source.cpp.obj
[ 21%] Generating include/SDL2/SDL_opengles2_khrplatform.h
[ 21%] Building C object externals/libressl/crypto/CMakeFiles/crypto_obj.dir/asn1/asn1_old.c.obj
[ 22%] Building C object externals/libressl/ssl/CMakeFiles/ssl_obj.dir/tls12_record_layer.c.obj
[ 22%] Building C object externals/libressl/crypto/CMakeFiles/crypto_obj.dir/asn1/asn1_old_lib.c.obj
[ 22%] Building CXX object externals/openal-soft/CMakeFiles/OpenAL.dir/al/state.cpp.obj
[ 22%] Building C object externals/libressl/crypto/CMakeFiles/crypto_obj.dir/asn1/asn1_par.c.obj
[ 22%] Building C object externals/libressl/ssl/CMakeFiles/ssl_obj.dir/tls13_client.c.obj
[ 22%] Building CXX object externals/spirv-tools/source/CMakeFiles/SPIRV-Tools-static.dir/parsed_operand.cpp.obj
[ 22%] Building C object externals/libressl/crypto/CMakeFiles/crypto_obj.dir/asn1/asn1_types.c.obj
[ 22%] Generating include/SDL2/SDL_pixels.h
[ 22%] Linking C static library libZydis.a
[ 22%] Building C object externals/libressl/crypto/CMakeFiles/crypto_obj.dir/asn1/asn_mime.c.obj
[ 22%] Building CXX object externals/spirv-tools/source/CMakeFiles/SPIRV-Tools-static.dir/print.cpp.obj
[ 22%] Building CXX object externals/spirv-tools/source/CMakeFiles/SPIRV-Tools-static.dir/software_version.cpp.obj
[ 22%] Building CXX object externals/openal-soft/CMakeFiles/OpenAL.dir/al/eax/api.cpp.obj
[ 22%] Building C object externals/libressl/crypto/CMakeFiles/crypto_obj.dir/asn1/asn_moid.c.obj
[ 22%] Building C object externals/libressl/ssl/CMakeFiles/ssl_obj.dir/tls13_error.c.obj
[ 22%] Generating include/SDL2/SDL_platform.h
[ 22%] Building CXX object externals/spirv-tools/source/CMakeFiles/SPIRV-Tools-static.dir/spirv_endian.cpp.obj
[ 22%] Building C object externals/libressl/crypto/CMakeFiles/crypto_obj.dir/asn1/bio_asn1.c.obj
[ 22%] Building C object externals/libressl/ssl/CMakeFiles/ssl_obj.dir/tls13_handshake.c.obj
[ 22%] Generating include/SDL2/SDL_power.h
[ 22%] Building CXX object externals/spirv-tools/source/CMakeFiles/SPIRV-Tools-static.dir/spirv_fuzzer_options.cpp.obj
[ 22%] Generating include/SDL2/SDL_quit.h
[ 22%] Building CXX object externals/spirv-tools/source/CMakeFiles/SPIRV-Tools-static.dir/spirv_optimizer_options.cpp.obj
[ 22%] Building C object externals/libressl/ssl/CMakeFiles/ssl_obj.dir/tls13_handshake_msg.c.obj
[ 22%] Building C object externals/libressl/crypto/CMakeFiles/crypto_obj.dir/asn1/bio_ndef.c.obj
[ 22%] Building CXX object externals/spirv-tools/source/CMakeFiles/SPIRV-Tools-static.dir/spirv_reducer_options.cpp.obj
[ 22%] Building CXX object externals/openal-soft/CMakeFiles/OpenAL.dir/al/eax/call.cpp.obj
[ 22%] Building C object externals/libressl/crypto/CMakeFiles/crypto_obj.dir/asn1/p5_pbe.c.obj
[ 22%] Building C object externals/libressl/ssl/CMakeFiles/ssl_obj.dir/tls13_key_schedule.c.obj
[ 23%] Building CXX object externals/spirv-tools/source/CMakeFiles/SPIRV-Tools-static.dir/spirv_target_env.cpp.obj
[ 23%] Building CXX object externals/spirv-tools/source/CMakeFiles/SPIRV-Tools-static.dir/spirv_validator_options.cpp.obj
[ 23%] Building C object externals/libressl/ssl/CMakeFiles/ssl_obj.dir/tls13_legacy.c.obj
[ 23%] Building CXX object externals/openal-soft/CMakeFiles/OpenAL.dir/al/eax/exception.cpp.obj
[ 23%] Building CXX object externals/openal-soft/CMakeFiles/OpenAL.dir/al/eax/fx_slot_index.cpp.obj
[ 25%] Building C object externals/libressl/ssl/CMakeFiles/ssl_obj.dir/tls13_lib.c.obj
[ 25%] Building C object externals/libressl/ssl/CMakeFiles/ssl_obj.dir/tls13_quic.c.obj
[ 25%] Building C object externals/libressl/crypto/CMakeFiles/crypto_obj.dir/asn1/p5_pbev2.c.obj
[ 25%] Building CXX object externals/openal-soft/CMakeFiles/OpenAL.dir/al/eax/fx_slots.cpp.obj
[ 25%] Building C object externals/libressl/ssl/CMakeFiles/ssl_obj.dir/tls13_record.c.obj
[ 25%] Building CXX object externals/spirv-tools/source/CMakeFiles/SPIRV-Tools-static.dir/table.cpp.obj
[ 25%] Building C object externals/libressl/crypto/CMakeFiles/crypto_obj.dir/asn1/p8_pkey.c.obj
[ 25%] Building C object externals/libressl/ssl/CMakeFiles/ssl_obj.dir/tls13_record_layer.c.obj
[ 25%] Generating include/SDL2/SDL_rect.h
[ 25%] Building CXX object externals/spirv-tools/source/CMakeFiles/SPIRV-Tools-static.dir/text.cpp.obj
[ 26%] Building CXX object externals/openal-soft/CMakeFiles/OpenAL.dir/al/eax/utils.cpp.obj
[ 26%] Building C object externals/libressl/ssl/CMakeFiles/ssl_obj.dir/tls13_server.c.obj
[ 26%] Built target libzstd_static
[ 26%] Building CXX object externals/spirv-tools/source/CMakeFiles/SPIRV-Tools-static.dir/text_handler.cpp.obj
[ 26%] Built target Zydis
[ 26%] Building CXX object externals/spirv-tools/source/CMakeFiles/SPIRV-Tools-static.dir/to_string.cpp.obj
[ 26%] Generating include/SDL2/SDL_render.h
[ 26%] Building CXX object externals/spirv-tools/source/CMakeFiles/SPIRV-Tools-static.dir/val/validate.cpp.obj
[ 26%] Building C object externals/libressl/crypto/CMakeFiles/crypto_obj.dir/asn1/t_crl.c.obj
[ 26%] Building CXX object externals/spirv-tools/source/CMakeFiles/SPIRV-Tools-static.dir/val/validate_adjacency.cpp.obj
[ 26%] Generating include/SDL2/SDL_rwops.h
[ 26%] Building CXX object externals/openal-soft/CMakeFiles/OpenAL.dir/alc/alc.cpp.obj
[ 26%] Building C object externals/libressl/crypto/CMakeFiles/crypto_obj.dir/asn1/t_pkey.c.obj
[ 26%] Generating include/SDL2/SDL_scancode.h
[ 26%] Building C object externals/libressl/crypto/CMakeFiles/crypto_obj.dir/asn1/t_req.c.obj
[ 26%] Building CXX object externals/spirv-tools/source/CMakeFiles/SPIRV-Tools-static.dir/val/validate_arithmetics.cpp.obj
[ 26%] Building CXX object externals/spirv-tools/source/CMakeFiles/SPIRV-Tools-static.dir/val/validate_annotation.cpp.obj
[ 26%] Generating include/SDL2/SDL_sensor.h
[ 26%] Building CXX object externals/openal-soft/CMakeFiles/OpenAL.dir/alc/alu.cpp.obj
[ 26%] Building C object externals/libressl/crypto/CMakeFiles/crypto_obj.dir/asn1/t_spki.c.obj
[ 26%] Building CXX object externals/openal-soft/CMakeFiles/OpenAL.dir/alc/alconfig.cpp.obj
[ 26%] Building CXX object externals/openal-soft/CMakeFiles/OpenAL.dir/alc/context.cpp.obj
[ 26%] Building C object externals/CMakeFiles/zstd_seekable.dir/zstd/contrib/seekable_format/zstdseek_compress.c.obj
[ 26%] Building CXX object externals/openal-soft/CMakeFiles/OpenAL.dir/alc/device.cpp.obj
[ 26%] Building C object externals/CMakeFiles/zstd_seekable.dir/zstd/contrib/seekable_format/zstdseek_decompress.c.obj
[ 26%] Generating include/SDL2/SDL_shape.h
[ 26%] Building CXX object externals/spirv-tools/source/CMakeFiles/SPIRV-Tools-static.dir/val/validate_atomics.cpp.obj
[ 26%] Building C object externals/libressl/crypto/CMakeFiles/crypto_obj.dir/asn1/t_x509.c.obj
[ 26%] Generating include/SDL2/SDL_stdinc.h
[ 26%] Generating include/SDL2/SDL_surface.h
[ 26%] Building CXX object externals/openal-soft/CMakeFiles/OpenAL.dir/alc/effects/autowah.cpp.obj
[ 26%] Generating include/SDL2/SDL_system.h
[ 26%] Building CXX object externals/spirv-tools/source/CMakeFiles/SPIRV-Tools-static.dir/val/validate_barriers.cpp.obj
[ 26%] Building CXX object externals/openal-soft/CMakeFiles/OpenAL.dir/alc/effects/chorus.cpp.obj
[ 26%] Built target ssl_obj
[ 26%] Building CXX object externals/spirv-tools/source/CMakeFiles/SPIRV-Tools-static.dir/val/validate_builtins.cpp.obj
[ 26%] Building CXX object externals/spirv-tools/source/CMakeFiles/SPIRV-Tools-static.dir/val/validate_bitwise.cpp.obj
[ 26%] Building CXX object externals/openal-soft/CMakeFiles/OpenAL.dir/alc/effects/compressor.cpp.obj
[ 26%] Building CXX object externals/openal-soft/CMakeFiles/OpenAL.dir/alc/effects/convolution.cpp.obj
[ 26%] Building C object externals/libressl/crypto/CMakeFiles/crypto_obj.dir/asn1/t_x509a.c.obj
[ 26%] Building CXX object externals/openal-soft/CMakeFiles/OpenAL.dir/alc/effects/dedicated.cpp.obj
[ 26%] Building C object externals/libressl/crypto/CMakeFiles/crypto_obj.dir/asn1/tasn_dec.c.obj
[ 26%] Generating include/SDL2/SDL_syswm.h
[ 26%] Building C object externals/libressl/crypto/CMakeFiles/crypto_obj.dir/asn1/tasn_enc.c.obj
[ 26%] Generating include/SDL2/SDL_test.h
[ 26%] Building CXX object externals/spirv-tools/source/CMakeFiles/SPIRV-Tools-static.dir/val/validate_capability.cpp.obj
[ 26%] Generating include/SDL2/SDL_test_assert.h
[ 26%] Building CXX object externals/dynarmic/src/dynarmic/CMakeFiles/dynarmic.dir/backend/block_range_information.cpp.obj
[ 26%] Generating include/SDL2/SDL_test_common.h
[ 27%] Linking C static library libzstd_seekable.a
[ 27%] Building CXX object externals/dynarmic/src/dynarmic/CMakeFiles/dynarmic.dir/common/crypto/aes.cpp.obj
[ 27%] Building CXX object externals/dynarmic/src/dynarmic/CMakeFiles/dynarmic.dir/common/crypto/crc32.cpp.obj
[ 27%] Generating include/SDL2/SDL_test_compare.h
[ 27%] Building C object externals/libressl/crypto/CMakeFiles/crypto_obj.dir/asn1/tasn_fre.c.obj
[ 27%] Generating include/SDL2/SDL_test_crc32.h
[ 27%] Building C object externals/libressl/crypto/CMakeFiles/crypto_obj.dir/asn1/tasn_new.c.obj
[ 27%] Building CXX object externals/dynarmic/src/dynarmic/CMakeFiles/dynarmic.dir/common/crypto/sm4.cpp.obj
[ 27%] Generating include/SDL2/SDL_test_font.h
[ 27%] Building CXX object externals/spirv-tools/source/CMakeFiles/SPIRV-Tools-static.dir/val/validate_composites.cpp.obj
[ 27%] Building CXX object externals/spirv-tools/source/CMakeFiles/SPIRV-Tools-static.dir/val/validate_cfg.cpp.obj
[ 28%] Generating include/SDL2/SDL_test_fuzzer.h
[ 28%] Building CXX object externals/openal-soft/CMakeFiles/OpenAL.dir/alc/effects/distortion.cpp.obj
[ 28%] Building C object externals/libressl/crypto/CMakeFiles/crypto_obj.dir/asn1/tasn_prn.c.obj
[ 28%] Building C object externals/libressl/crypto/CMakeFiles/crypto_obj.dir/asn1/tasn_typ.c.obj
[ 28%] Building C object externals/libressl/crypto/CMakeFiles/crypto_obj.dir/asn1/tasn_utl.c.obj
[ 28%] Building CXX object externals/spirv-tools/source/CMakeFiles/SPIRV-Tools-static.dir/val/validate_constants.cpp.obj
[ 28%] Building CXX object externals/openal-soft/CMakeFiles/OpenAL.dir/alc/effects/echo.cpp.obj
[ 28%] Building CXX object externals/dynarmic/src/dynarmic/CMakeFiles/dynarmic.dir/common/fp/fused.cpp.obj
[ 28%] Building C object externals/libressl/crypto/CMakeFiles/crypto_obj.dir/asn1/x_algor.c.obj
[ 28%] Built target zstd_seekable
[ 28%] Building C object externals/libressl/crypto/CMakeFiles/crypto_obj.dir/asn1/x_attrib.c.obj
[ 28%] Generating include/SDL2/SDL_test_harness.h
[ 28%] Building CXX object externals/openal-soft/CMakeFiles/OpenAL.dir/alc/effects/equalizer.cpp.obj
[ 28%] Building C object externals/libressl/crypto/CMakeFiles/crypto_obj.dir/asn1/x_bignum.c.obj
[ 28%] Building CXX object externals/spirv-tools/source/CMakeFiles/SPIRV-Tools-static.dir/val/validate_conversion.cpp.obj
[ 28%] Building CXX object externals/openal-soft/CMakeFiles/OpenAL.dir/alc/effects/fshifter.cpp.obj
[ 28%] Generating include/SDL2/SDL_test_images.h
[ 28%] Building CXX object externals/spirv-tools/source/CMakeFiles/SPIRV-Tools-static.dir/val/validate_debug.cpp.obj
[ 28%] Building CXX object externals/dynarmic/src/dynarmic/CMakeFiles/dynarmic.dir/common/fp/op/FPCompare.cpp.obj
[ 28%] Building CXX object externals/openal-soft/CMakeFiles/OpenAL.dir/alc/effects/modulator.cpp.obj
[ 28%] Building CXX object externals/spirv-tools/source/CMakeFiles/SPIRV-Tools-static.dir/val/validate_decorations.cpp.obj
[ 28%] Building CXX object externals/dynarmic/src/dynarmic/CMakeFiles/dynarmic.dir/common/fp/op/FPConvert.cpp.obj
[ 28%] Building CXX object externals/openal-soft/CMakeFiles/OpenAL.dir/alc/effects/pshifter.cpp.obj
[ 28%] Building CXX object externals/spirv-tools/source/CMakeFiles/SPIRV-Tools-static.dir/val/validate_derivatives.cpp.obj
[ 28%] Building CXX object externals/dynarmic/src/dynarmic/CMakeFiles/dynarmic.dir/common/fp/op/FPMulAdd.cpp.obj
[ 28%] Building C object externals/libressl/crypto/CMakeFiles/crypto_obj.dir/asn1/x_crl.c.obj
[ 28%] Generating include/SDL2/SDL_test_log.h
[ 28%] Building CXX object externals/openal-soft/CMakeFiles/OpenAL.dir/alc/effects/null.cpp.obj
[ 28%] Building CXX object externals/spirv-tools/source/CMakeFiles/SPIRV-Tools-static.dir/val/validate_extensions.cpp.obj
[ 28%] Building CXX object externals/dynarmic/src/dynarmic/CMakeFiles/dynarmic.dir/common/fp/op/FPRecipEstimate.cpp.obj
[ 28%] Building C object externals/libressl/crypto/CMakeFiles/crypto_obj.dir/asn1/x_exten.c.obj
[ 28%] Generating include/SDL2/SDL_test_md5.h
[ 28%] Generating include/SDL2/SDL_test_memory.h
[ 28%] Building CXX object src/common/CMakeFiles/citra_common.dir/aarch64/cpu_detect.cpp.obj
[ 28%] Building CXX object externals/openal-soft/CMakeFiles/OpenAL.dir/alc/effects/reverb.cpp.obj
[ 28%] Building CXX object externals/dynarmic/src/dynarmic/CMakeFiles/dynarmic.dir/common/fp/op/FPRecipExponent.cpp.obj
[ 28%] Generating include/SDL2/SDL_test_random.h
[ 28%] Generating include/SDL2/SDL_thread.h
[ 28%] Building C object externals/libressl/crypto/CMakeFiles/crypto_obj.dir/asn1/x_info.c.obj
[ 28%] Building CXX object externals/spirv-tools/source/CMakeFiles/SPIRV-Tools-static.dir/val/validate_execution_limitations.cpp.obj
[ 28%] Building CXX object src/common/CMakeFiles/citra_common.dir/detached_tasks.cpp.obj
[ 28%] Building CXX object externals/openal-soft/CMakeFiles/OpenAL.dir/alc/effects/vmorpher.cpp.obj
[ 28%] Building CXX object externals/openal-soft/CMakeFiles/OpenAL.dir/alc/events.cpp.obj
[ 29%] Building CXX object src/common/CMakeFiles/citra_common.dir/cityhash.cpp.obj
[ 29%] Building CXX object externals/openal-soft/CMakeFiles/OpenAL.dir/alc/panning.cpp.obj
[ 29%] Generating include/SDL2/SDL_timer.h
[ 30%] Building CXX object externals/dynarmic/src/dynarmic/CMakeFiles/dynarmic.dir/common/fp/op/FPRecipStepFused.cpp.obj
[ 30%] Building CXX object src/common/CMakeFiles/citra_common.dir/dynamic_library/dynamic_library.cpp.obj
[ 30%] Building C object externals/libressl/crypto/CMakeFiles/crypto_obj.dir/asn1/x_long.c.obj
[ 30%] Building CXX object externals/spirv-tools/source/CMakeFiles/SPIRV-Tools-static.dir/val/validate_function.cpp.obj
[ 30%] Generating include/SDL2/SDL_touch.h
[ 30%] Building C object externals/libressl/crypto/CMakeFiles/crypto_obj.dir/asn1/x_name.c.obj
[ 30%] Building CXX object src/common/CMakeFiles/citra_common.dir/dynamic_library/ffmpeg.cpp.obj
[ 30%] Building CXX object externals/dynarmic/src/dynarmic/CMakeFiles/dynarmic.dir/common/fp/op/FPRoundInt.cpp.obj
[ 30%] Building CXX object externals/dynarmic/src/dynarmic/CMakeFiles/dynarmic.dir/common/fp/op/FPRSqrtEstimate.cpp.obj
[ 30%] Building CXX object externals/spirv-tools/source/CMakeFiles/SPIRV-Tools-static.dir/val/validate_image.cpp.obj
[ 31%] Building CXX object src/common/CMakeFiles/citra_common.dir/error.cpp.obj
[ 31%] Building CXX object externals/spirv-tools/source/CMakeFiles/SPIRV-Tools-static.dir/val/validate_id.cpp.obj
[ 31%] Building CXX object externals/openal-soft/CMakeFiles/OpenAL.dir/alc/backends/base.cpp.obj
[ 31%] Building CXX object src/common/CMakeFiles/citra_common.dir/file_util.cpp.obj
[ 31%] Building C object externals/libressl/crypto/CMakeFiles/crypto_obj.dir/asn1/x_pkey.c.obj
[ 31%] Building CXX object src/common/CMakeFiles/citra_common.dir/hacks/hack_list.cpp.obj
[ 31%] Building CXX object externals/openal-soft/CMakeFiles/OpenAL.dir/alc/backends/loopback.cpp.obj
[ 31%] Generating include/SDL2/SDL_types.h
[ 32%] Building CXX object externals/dynarmic/src/dynarmic/CMakeFiles/dynarmic.dir/common/fp/op/FPRSqrtStepFused.cpp.obj
[ 32%] Building CXX object externals/spirv-tools/source/CMakeFiles/SPIRV-Tools-static.dir/val/validate_interfaces.cpp.obj
[ 32%] Building CXX object src/common/CMakeFiles/citra_common.dir/hacks/hack_manager.cpp.obj
[ 32%] Building C object externals/libressl/crypto/CMakeFiles/crypto_obj.dir/asn1/x_pubkey.c.obj
[ 32%] Building CXX object externals/spirv-tools/source/CMakeFiles/SPIRV-Tools-static.dir/val/validate_instruction.cpp.obj
[ 32%] Building C object externals/libressl/crypto/CMakeFiles/crypto_obj.dir/asn1/x_req.c.obj
[ 32%] Generating include/SDL2/SDL_version.h
[ 32%] Building CXX object src/common/CMakeFiles/citra_common.dir/logging/backend.cpp.obj
[ 32%] Building C object externals/libressl/crypto/CMakeFiles/crypto_obj.dir/asn1/x_sig.c.obj
[ 32%] Building CXX object externals/dynarmic/src/dynarmic/CMakeFiles/dynarmic.dir/common/fp/op/FPToFixed.cpp.obj
[ 34%] Building CXX object externals/openal-soft/CMakeFiles/OpenAL.dir/alc/backends/null.cpp.obj
[ 34%] Building C object externals/libressl/crypto/CMakeFiles/crypto_obj.dir/asn1/x_spki.c.obj
[ 34%] Generating include/SDL2/SDL_video.h
[ 34%] Building CXX object externals/dynarmic/src/dynarmic/CMakeFiles/dynarmic.dir/common/fp/process_exception.cpp.obj
[ 34%] Building CXX object externals/openal-soft/CMakeFiles/OpenAL.dir/alc/backends/winmm.cpp.obj
[ 34%] Building CXX object externals/openal-soft/CMakeFiles/OpenAL.dir/alc/backends/dsound.cpp.obj
[ 34%] Building CXX object externals/spirv-tools/source/CMakeFiles/SPIRV-Tools-static.dir/val/validate_layout.cpp.obj
[ 34%] Building C object externals/libressl/crypto/CMakeFiles/crypto_obj.dir/asn1/x_val.c.obj
[ 34%] Building CXX object externals/dynarmic/src/dynarmic/CMakeFiles/dynarmic.dir/common/fp/process_nan.cpp.obj
[ 34%] Building CXX object externals/openal-soft/CMakeFiles/OpenAL.dir/alc/backends/wasapi.cpp.obj
[ 34%] Building C object externals/libressl/crypto/CMakeFiles/crypto_obj.dir/asn1/x_x509.c.obj
[ 34%] Building CXX object externals/openal-soft/CMakeFiles/OpenAL.dir/alc/backends/wave.cpp.obj
[ 34%] Generating include/SDL2/SDL_vulkan.h
[ 34%] Building CXX object externals/dynarmic/src/dynarmic/CMakeFiles/dynarmic.dir/common/fp/unpacked.cpp.obj
[ 34%] Building CXX object src/common/CMakeFiles/citra_common.dir/logging/filter.cpp.obj
[ 34%] Generating include/SDL2/begin_code.h
[ 34%] Building CXX object externals/openal-soft/CMakeFiles/OpenAL.dir/core/ambdec.cpp.obj
[ 34%] Building CXX object src/common/CMakeFiles/citra_common.dir/logging/text_formatter.cpp.obj
[ 34%] Building CXX object externals/spirv-tools/source/CMakeFiles/SPIRV-Tools-static.dir/val/validate_literals.cpp.obj
[ 34%] Building C object externals/libressl/crypto/CMakeFiles/crypto_obj.dir/asn1/x_x509a.c.obj
[ 34%] Generating include/SDL2/close_code.h
[ 34%] Building CXX object externals/spirv-tools/source/CMakeFiles/SPIRV-Tools-static.dir/val/validate_logicals.cpp.obj
[ 34%] Building CXX object externals/spirv-tools/source/CMakeFiles/SPIRV-Tools-static.dir/val/validate_memory.cpp.obj
[ 34%] Building C object externals/libressl/crypto/CMakeFiles/crypto_obj.dir/bf/bf_cfb64.c.obj
[ 34%] Building CXX object src/common/CMakeFiles/citra_common.dir/math_util.cpp.obj
[ 34%] Building CXX object externals/openal-soft/CMakeFiles/OpenAL.dir/core/ambidefs.cpp.obj
[ 34%] Building CXX object src/common/CMakeFiles/citra_common.dir/memory_detect.cpp.obj
[ 34%] Building C object externals/libressl/crypto/CMakeFiles/crypto_obj.dir/bf/bf_ecb.c.obj
[ 34%] Building CXX object externals/dynarmic/src/dynarmic/CMakeFiles/dynarmic.dir/common/llvm_disassemble.cpp.obj
[ 34%] Building CXX object externals/spirv-tools/source/CMakeFiles/SPIRV-Tools-static.dir/val/validate_memory_semantics.cpp.obj
[ 34%] Building CXX object externals/dynarmic/src/dynarmic/CMakeFiles/dynarmic.dir/common/math_util.cpp.obj
[ 34%] Building CXX object src/common/CMakeFiles/citra_common.dir/memory_ref.cpp.obj
[ 34%] Building CXX object externals/openal-soft/CMakeFiles/OpenAL.dir/core/bformatdec.cpp.obj
[ 34%] Building C object externals/libressl/crypto/CMakeFiles/crypto_obj.dir/bf/bf_enc.c.obj
[ 34%] Building CXX object externals/dynarmic/src/dynarmic/CMakeFiles/dynarmic.dir/common/memory_pool.cpp.obj
[ 34%] Building CXX object src/common/CMakeFiles/citra_common.dir/microprofile.cpp.obj
[ 34%] Building C object externals/libressl/crypto/CMakeFiles/crypto_obj.dir/bf/bf_ofb64.c.obj
[ 34%] Building C object externals/libressl/crypto/CMakeFiles/crypto_obj.dir/bf/bf_skey.c.obj
[ 34%] Building C object externals/libressl/crypto/CMakeFiles/crypto_obj.dir/bio/b_dump.c.obj
[ 34%] Building CXX object externals/openal-soft/CMakeFiles/OpenAL.dir/core/bs2b.cpp.obj
[ 34%] Built target sdl_headers_copy
[ 34%] Building CXX object externals/dynarmic/src/dynarmic/CMakeFiles/dynarmic.dir/common/u128.cpp.obj
[ 34%] Building CXX object externals/openal-soft/CMakeFiles/OpenAL.dir/core/bsinc_tables.cpp.obj
[ 34%] Building CXX object src/common/CMakeFiles/citra_common.dir/param_package.cpp.obj
[ 34%] Building CXX object externals/dynarmic/src/dynarmic/CMakeFiles/dynarmic.dir/frontend/A32/a32_types.cpp.obj
[ 34%] Building CXX object src/common/CMakeFiles/citra_common.dir/play_time_manager.cpp.obj
[ 34%] Building CXX object externals/openal-soft/CMakeFiles/OpenAL.dir/core/buffer_storage.cpp.obj
[ 34%] Building CXX object externals/dynarmic/src/dynarmic/CMakeFiles/dynarmic.dir/frontend/A64/a64_types.cpp.obj
[ 34%] Building CXX object src/common/CMakeFiles/citra_common.dir/scm_rev.cpp.obj
[ 34%] Building CXX object externals/spirv-tools/source/CMakeFiles/SPIRV-Tools-static.dir/val/validate_mesh_shading.cpp.obj
[ 34%] Building CXX object externals/dynarmic/src/dynarmic/CMakeFiles/dynarmic.dir/frontend/imm.cpp.obj
[ 34%] Building CXX object src/common/CMakeFiles/citra_common.dir/settings.cpp.obj
[ 34%] Building C object externals/libressl/crypto/CMakeFiles/crypto_obj.dir/bio/b_print.c.obj
[ 34%] Building CXX object externals/spirv-tools/source/CMakeFiles/SPIRV-Tools-static.dir/val/validate_misc.cpp.obj
[ 34%] Building CXX object externals/dynarmic/src/dynarmic/CMakeFiles/dynarmic.dir/ir/basic_block.cpp.obj
[ 34%] Building CXX object externals/openal-soft/CMakeFiles/OpenAL.dir/core/context.cpp.obj
[ 34%] Building CXX object src/common/CMakeFiles/citra_common.dir/string_util.cpp.obj
[ 34%] Building CXX object externals/dynarmic/src/dynarmic/CMakeFiles/dynarmic.dir/ir/ir_emitter.cpp.obj
[ 34%] Building CXX object externals/spirv-tools/source/CMakeFiles/SPIRV-Tools-static.dir/val/validate_mode_setting.cpp.obj
[ 34%] Building CXX object src/common/CMakeFiles/citra_common.dir/texture.cpp.obj
[ 34%] Building CXX object externals/dynarmic/src/dynarmic/CMakeFiles/dynarmic.dir/ir/location_descriptor.cpp.obj
[ 34%] Building CXX object externals/spirv-tools/source/CMakeFiles/SPIRV-Tools-static.dir/val/validate_non_uniform.cpp.obj
[ 34%] Building C object externals/libressl/crypto/CMakeFiles/crypto_obj.dir/bio/b_sock.c.obj
[ 34%] Building CXX object src/common/CMakeFiles/citra_common.dir/thread.cpp.obj
[ 34%] Building CXX object src/common/CMakeFiles/citra_common.dir/x64/cpu_detect.cpp.obj
[ 34%] Building C object externals/libressl/crypto/CMakeFiles/crypto_obj.dir/bio/bf_buff.c.obj
[ 34%] Building CXX object src/common/CMakeFiles/citra_common.dir/timer.cpp.obj
[ 34%] Building CXX object externals/openal-soft/CMakeFiles/OpenAL.dir/core/converter.cpp.obj
[ 34%] Building C object externals/libressl/crypto/CMakeFiles/crypto_obj.dir/bio/bf_null.c.obj
[ 34%] Building C object externals/libressl/crypto/CMakeFiles/crypto_obj.dir/bio/bf_nbio.c.obj
[ 34%] Building CXX object externals/dynarmic/src/dynarmic/CMakeFiles/dynarmic.dir/ir/microinstruction.cpp.obj
[ 34%] Building CXX object externals/spirv-tools/source/CMakeFiles/SPIRV-Tools-static.dir/val/validate_primitives.cpp.obj
[ 34%] Building C object externals/libressl/crypto/CMakeFiles/crypto_obj.dir/bio/bio_cb.c.obj
[ 34%] Building CXX object externals/dynarmic/src/dynarmic/CMakeFiles/dynarmic.dir/ir/opcodes.cpp.obj
[ 34%] Building CXX object externals/dynarmic/src/dynarmic/CMakeFiles/dynarmic.dir/ir/opt/constant_propagation_pass.cpp.obj
[ 34%] Building CXX object externals/dynarmic/src/dynarmic/CMakeFiles/dynarmic.dir/ir/opt/dead_code_elimination_pass.cpp.obj
[ 34%] Building CXX object externals/dynarmic/src/dynarmic/CMakeFiles/dynarmic.dir/ir/opt/identity_removal_pass.cpp.obj
[ 34%] Building CXX object externals/openal-soft/CMakeFiles/OpenAL.dir/core/cpu_caps.cpp.obj
[ 34%] Building CXX object externals/spirv-tools/source/CMakeFiles/SPIRV-Tools-static.dir/val/validate_ray_query.cpp.obj
[ 34%] Building CXX object src/common/CMakeFiles/citra_common.dir/zstd_compression.cpp.obj
[ 34%] Building CXX object externals/dynarmic/src/dynarmic/CMakeFiles/dynarmic.dir/ir/opt/naming_pass.cpp.obj
[ 34%] Building C object externals/libressl/crypto/CMakeFiles/crypto_obj.dir/bio/bio_err.c.obj
[ 34%] Building C object externals/libressl/crypto/CMakeFiles/crypto_obj.dir/bio/bio_lib.c.obj
[ 34%] Building C object externals/libressl/crypto/CMakeFiles/crypto_obj.dir/bio/bio_meth.c.obj
[ 34%] Building C object externals/libressl/crypto/CMakeFiles/crypto_obj.dir/bio/bss_acpt.c.obj
[ 34%] Building CXX object externals/spirv-tools/source/CMakeFiles/SPIRV-Tools-static.dir/val/validate_ray_tracing.cpp.obj
[ 34%] Building C object externals/libressl/crypto/CMakeFiles/crypto_obj.dir/bio/bss_bio.c.obj
[ 35%] Building C object externals/libressl/crypto/CMakeFiles/crypto_obj.dir/bio/bss_conn.c.obj
[ 35%] Building CXX object externals/spirv-tools/source/CMakeFiles/SPIRV-Tools-static.dir/val/validate_scopes.cpp.obj
[ 35%] Building CXX object externals/spirv-tools/source/CMakeFiles/SPIRV-Tools-static.dir/val/validate_ray_tracing_reorder.cpp.obj
[ 35%] Building CXX object externals/dynarmic/src/dynarmic/CMakeFiles/dynarmic.dir/ir/opt/polyfill_pass.cpp.obj
[ 36%] Building CXX object externals/dynarmic/src/dynarmic/CMakeFiles/dynarmic.dir/ir/opt/verification_pass.cpp.obj
[ 36%] Building CXX object externals/spirv-tools/source/CMakeFiles/SPIRV-Tools-static.dir/val/validate_small_type_uses.cpp.obj
[ 36%] Building CXX object externals/spirv-tools/source/CMakeFiles/SPIRV-Tools-static.dir/val/validate_tensor_layout.cpp.obj
[ 36%] Building CXX object externals/dynarmic/src/dynarmic/CMakeFiles/dynarmic.dir/ir/type.cpp.obj
[ 36%] Building CXX object externals/openal-soft/CMakeFiles/OpenAL.dir/core/cubic_tables.cpp.obj
[ 36%] Building C object externals/libressl/crypto/CMakeFiles/crypto_obj.dir/bio/bss_dgram.c.obj
[ 36%] Building CXX object externals/dynarmic/src/dynarmic/CMakeFiles/dynarmic.dir/ir/value.cpp.obj
[ 36%] Building CXX object externals/dynarmic/src/dynarmic/CMakeFiles/dynarmic.dir/frontend/A32/a32_ir_emitter.cpp.obj
[ 36%] Building CXX object externals/openal-soft/CMakeFiles/OpenAL.dir/core/devformat.cpp.obj
[ 36%] Building CXX object externals/openal-soft/CMakeFiles/OpenAL.dir/core/device.cpp.obj
[ 36%] Building C object externals/libressl/crypto/CMakeFiles/crypto_obj.dir/bio/bss_fd.c.obj
[ 36%] Building CXX object externals/dynarmic/src/dynarmic/CMakeFiles/dynarmic.dir/frontend/A32/a32_location_descriptor.cpp.obj
[ 36%] Building C object externals/libressl/crypto/CMakeFiles/crypto_obj.dir/bio/bss_file.c.obj
[ 36%] Building CXX object externals/openal-soft/CMakeFiles/OpenAL.dir/core/effectslot.cpp.obj
[ 36%] Building C object externals/libressl/crypto/CMakeFiles/crypto_obj.dir/bio/bss_mem.c.obj
[ 36%] Building CXX object externals/dynarmic/src/dynarmic/CMakeFiles/dynarmic.dir/frontend/A32/disassembler/disassembler_arm.cpp.obj
[ 36%] Building C object externals/libressl/crypto/CMakeFiles/crypto_obj.dir/bio/bss_null.c.obj
[ 36%] Building CXX object externals/openal-soft/CMakeFiles/OpenAL.dir/core/except.cpp.obj
[ 36%] Building CXX object externals/openal-soft/CMakeFiles/OpenAL.dir/core/filters/biquad.cpp.obj
[ 36%] Building C object externals/libressl/crypto/CMakeFiles/crypto_obj.dir/bio/bss_sock.c.obj
[ 36%] Building CXX object externals/spirv-tools/source/CMakeFiles/SPIRV-Tools-static.dir/val/validate_type.cpp.obj
[ 36%] Building CXX object externals/spirv-tools/source/CMakeFiles/SPIRV-Tools-static.dir/val/validate_invalid_type.cpp.obj
[ 36%] Building C object externals/libressl/crypto/CMakeFiles/crypto_obj.dir/bn/bn_add.c.obj
[ 36%] Building CXX object externals/spirv-tools/source/CMakeFiles/SPIRV-Tools-static.dir/val/construct.cpp.obj
[ 36%] Building CXX object externals/spirv-tools/source/CMakeFiles/SPIRV-Tools-static.dir/val/basic_block.cpp.obj
[ 36%] Building CXX object externals/dynarmic/src/dynarmic/CMakeFiles/dynarmic.dir/frontend/A32/translate/a32_translate.cpp.obj
[ 36%] Building C object externals/sdl2/SDL/CMakeFiles/SDL2-static.dir/src/SDL.c.obj
[ 36%] Building CXX object externals/dynarmic/src/dynarmic/CMakeFiles/dynarmic.dir/frontend/A32/disassembler/disassembler_thumb.cpp.obj
[ 37%] Building CXX object externals/spirv-tools/source/CMakeFiles/SPIRV-Tools-static.dir/val/function.cpp.obj
[ 37%] Building C object externals/libressl/crypto/CMakeFiles/crypto_obj.dir/bn/bn_blind.c.obj
[ 37%] Building C object externals/sdl2/SDL/CMakeFiles/SDL2-static.dir/src/SDL_dataqueue.c.obj
[ 37%] Building CXX object externals/spirv-tools/source/CMakeFiles/SPIRV-Tools-static.dir/val/instruction.cpp.obj
[ 37%] Building CXX object externals/spirv-tools/source/CMakeFiles/SPIRV-Tools-static.dir/val/validation_state.cpp.obj
[ 37%] Building CXX object externals/dynarmic/src/dynarmic/CMakeFiles/dynarmic.dir/frontend/A32/translate/conditional_state.cpp.obj
[ 37%] Building C object externals/libressl/crypto/CMakeFiles/crypto_obj.dir/bn/bn_bpsw.c.obj
[ 37%] Building C object externals/sdl2/SDL/CMakeFiles/SDL2-static.dir/src/SDL_error.c.obj
[ 37%] Building C object externals/sdl2/SDL/CMakeFiles/SDL2-static.dir/src/SDL_assert.c.obj
[ 37%] Building CXX object externals/openal-soft/CMakeFiles/OpenAL.dir/core/filters/nfc.cpp.obj
[ 37%] Building CXX object externals/openal-soft/CMakeFiles/OpenAL.dir/core/filters/splitter.cpp.obj
[ 37%] Building C object externals/sdl2/SDL/CMakeFiles/SDL2-static.dir/src/SDL_guid.c.obj
[ 37%] Building C object externals/sdl2/SDL/CMakeFiles/SDL2-static.dir/src/SDL_hints.c.obj
[ 37%] Building CXX object externals/openal-soft/CMakeFiles/OpenAL.dir/core/fmt_traits.cpp.obj
[ 37%] Building CXX object externals/openal-soft/CMakeFiles/OpenAL.dir/core/fpu_ctrl.cpp.obj
[ 37%] Building C object externals/libressl/crypto/CMakeFiles/crypto_obj.dir/bn/bn_const.c.obj
[ 37%] Building CXX object externals/dynarmic/src/dynarmic/CMakeFiles/dynarmic.dir/frontend/A32/translate/impl/a32_branch.cpp.obj
[ 38%] Linking CXX static library libcitra_common.a
[ 39%] Building CXX object externals/openal-soft/CMakeFiles/OpenAL.dir/core/helpers.cpp.obj
[ 39%] Building CXX object externals/dynarmic/src/dynarmic/CMakeFiles/dynarmic.dir/frontend/A32/translate/impl/a32_crc32.cpp.obj
[ 39%] Building CXX object externals/dynarmic/src/dynarmic/CMakeFiles/dynarmic.dir/frontend/A32/translate/impl/a32_exception_generating.cpp.obj
[ 39%] Building C object externals/libressl/crypto/CMakeFiles/crypto_obj.dir/bn/bn_convert.c.obj
[ 39%] Building CXX object externals/dynarmic/src/dynarmic/CMakeFiles/dynarmic.dir/frontend/A32/translate/impl/a32_translate_impl.cpp.obj
[ 39%] Building C object externals/sdl2/SDL/CMakeFiles/SDL2-static.dir/src/SDL_list.c.obj
[ 39%] Building CXX object externals/openal-soft/CMakeFiles/OpenAL.dir/core/hrtf.cpp.obj
[ 39%] Building CXX object externals/dynarmic/src/dynarmic/CMakeFiles/dynarmic.dir/frontend/A32/translate/impl/asimd_load_store_structures.cpp.obj
[ 39%] Building CXX object externals/openal-soft/CMakeFiles/OpenAL.dir/core/logging.cpp.obj
[ 39%] Building C object externals/sdl2/SDL/CMakeFiles/SDL2-static.dir/src/SDL_log.c.obj
[ 39%] Building CXX object externals/openal-soft/CMakeFiles/OpenAL.dir/core/mastering.cpp.obj
[ 39%] Building CXX object externals/dynarmic/src/dynarmic/CMakeFiles/dynarmic.dir/frontend/A32/translate/impl/asimd_misc.cpp.obj
[ 39%] Building CXX object externals/openal-soft/CMakeFiles/OpenAL.dir/core/mixer.cpp.obj
[ 39%] Building CXX object externals/dynarmic/src/dynarmic/CMakeFiles/dynarmic.dir/frontend/A32/translate/impl/asimd_one_reg_modified_immediate.cpp.obj
[ 40%] Building C object externals/sdl2/SDL/CMakeFiles/SDL2-static.dir/src/SDL_utils.c.obj
[ 40%] Building CXX object externals/openal-soft/CMakeFiles/OpenAL.dir/core/storage_formats.cpp.obj
[ 40%] Building C object externals/sdl2/SDL/CMakeFiles/SDL2-static.dir/src/atomic/SDL_atomic.c.obj
[ 40%] Building C object externals/libressl/crypto/CMakeFiles/crypto_obj.dir/bn/bn_ctx.c.obj
[ 40%] Building C object externals/sdl2/SDL/CMakeFiles/SDL2-static.dir/src/atomic/SDL_spinlock.c.obj
[ 40%] Building CXX object externals/openal-soft/CMakeFiles/OpenAL.dir/core/uhjfilter.cpp.obj
[ 40%] Building CXX object externals/dynarmic/src/dynarmic/CMakeFiles/dynarmic.dir/frontend/A32/translate/impl/asimd_three_regs.cpp.obj
[ 40%] Building C object externals/sdl2/SDL/CMakeFiles/SDL2-static.dir/src/audio/SDL_audio.c.obj
[ 40%] Building C object externals/libressl/crypto/CMakeFiles/crypto_obj.dir/bn/bn_div.c.obj
[ 40%] Building CXX object externals/dynarmic/src/dynarmic/CMakeFiles/dynarmic.dir/frontend/A32/translate/impl/asimd_two_regs_misc.cpp.obj
[ 40%] Building CXX object externals/openal-soft/CMakeFiles/OpenAL.dir/core/uiddefs.cpp.obj
[ 40%] Linking CXX static library libSPIRV-Tools.a
[ 40%] Building C object externals/libressl/crypto/CMakeFiles/crypto_obj.dir/bn/bn_err.c.obj
[ 40%] Building C object externals/libressl/crypto/CMakeFiles/crypto_obj.dir/bn/bn_exp.c.obj
[ 40%] Building C object externals/sdl2/SDL/CMakeFiles/SDL2-static.dir/src/audio/SDL_audiocvt.c.obj
[ 40%] Building C object externals/libressl/crypto/CMakeFiles/crypto_obj.dir/bn/bn_gcd.c.obj
[ 40%] Building C object externals/libressl/crypto/CMakeFiles/crypto_obj.dir/bn/bn_isqrt.c.obj
[ 40%] Building C object externals/sdl2/SDL/CMakeFiles/SDL2-static.dir/src/audio/SDL_audiodev.c.obj
[ 40%] Building C object externals/libressl/crypto/CMakeFiles/crypto_obj.dir/bn/bn_kron.c.obj
[ 40%] Building C object externals/sdl2/SDL/CMakeFiles/SDL2-static.dir/src/audio/SDL_audiotypecvt.c.obj
[ 40%] Building C object externals/libressl/crypto/CMakeFiles/crypto_obj.dir/bn/bn_lib.c.obj
[ 40%] Building CXX object externals/dynarmic/src/dynarmic/CMakeFiles/dynarmic.dir/frontend/A32/translate/impl/asimd_two_regs_scalar.cpp.obj
[ 40%] Building CXX object externals/openal-soft/CMakeFiles/OpenAL.dir/core/voice.cpp.obj
[ 40%] Building C object externals/sdl2/SDL/CMakeFiles/SDL2-static.dir/src/audio/SDL_mixer.c.obj
[ 40%] Building C object externals/sdl2/SDL/CMakeFiles/SDL2-static.dir/src/audio/SDL_wave.c.obj
[ 40%] Building CXX object externals/dynarmic/src/dynarmic/CMakeFiles/dynarmic.dir/frontend/A32/translate/impl/asimd_two_regs_shift.cpp.obj
[ 40%] Building CXX object externals/openal-soft/CMakeFiles/OpenAL.dir/core/mixer/mixer_c.cpp.obj
[ 40%] Building CXX object externals/dynarmic/src/dynarmic/CMakeFiles/dynarmic.dir/frontend/A32/translate/impl/barrier.cpp.obj
[ 40%] Building CXX object externals/dynarmic/src/dynarmic/CMakeFiles/dynarmic.dir/frontend/A32/translate/impl/coprocessor.cpp.obj
[ 40%] Building C object externals/sdl2/SDL/CMakeFiles/SDL2-static.dir/src/cpuinfo/SDL_cpuinfo.c.obj
[ 40%] Building C object externals/libressl/crypto/CMakeFiles/crypto_obj.dir/bn/bn_mod.c.obj
[ 40%] Building CXX object externals/openal-soft/CMakeFiles/OpenAL.dir/core/mixer/mixer_sse.cpp.obj
[ 40%] Building C object externals/libressl/crypto/CMakeFiles/crypto_obj.dir/bn/bn_mod_sqrt.c.obj
[ 40%] Building C object externals/sdl2/SDL/CMakeFiles/SDL2-static.dir/src/dynapi/SDL_dynapi.c.obj
[ 40%] Building CXX object externals/dynarmic/src/dynarmic/CMakeFiles/dynarmic.dir/frontend/A32/translate/impl/data_processing.cpp.obj
[ 40%] Building CXX object externals/openal-soft/CMakeFiles/OpenAL.dir/core/mixer/mixer_sse2.cpp.obj
[ 40%] Building CXX object externals/dynarmic/src/dynarmic/CMakeFiles/dynarmic.dir/frontend/A32/translate/impl/divide.cpp.obj
[ 40%] Building C object externals/sdl2/SDL/CMakeFiles/SDL2-static.dir/src/events/SDL_clipboardevents.c.obj
[ 40%] Building C object externals/libressl/crypto/CMakeFiles/crypto_obj.dir/bn/bn_mont.c.obj
[ 40%] Building C object externals/sdl2/SDL/CMakeFiles/SDL2-static.dir/src/events/SDL_displayevents.c.obj
[ 42%] Building CXX object externals/dynarmic/src/dynarmic/CMakeFiles/dynarmic.dir/frontend/A32/translate/impl/extension.cpp.obj
[ 42%] Building C object externals/sdl2/SDL/CMakeFiles/SDL2-static.dir/src/events/SDL_dropevents.c.obj
[ 42%] Building CXX object externals/dynarmic/src/dynarmic/CMakeFiles/dynarmic.dir/frontend/A32/translate/impl/hint.cpp.obj
[ 42%] Building C object externals/libressl/crypto/CMakeFiles/crypto_obj.dir/bn/bn_mul.c.obj
[ 42%] Building C object externals/sdl2/SDL/CMakeFiles/SDL2-static.dir/src/events/SDL_events.c.obj
[ 42%] Building C object externals/libressl/crypto/CMakeFiles/crypto_obj.dir/bn/bn_prime.c.obj
[ 42%] Building CXX object externals/dynarmic/src/dynarmic/CMakeFiles/dynarmic.dir/frontend/A32/translate/impl/load_store.cpp.obj
[ 43%] Building C object externals/libressl/crypto/CMakeFiles/crypto_obj.dir/bn/bn_rand.c.obj
[ 43%] Building C object externals/libressl/crypto/CMakeFiles/crypto_obj.dir/bn/bn_recp.c.obj
[ 43%] Building CXX object externals/openal-soft/CMakeFiles/OpenAL.dir/core/mixer/mixer_sse3.cpp.obj
[ 43%] Building CXX object externals/openal-soft/CMakeFiles/OpenAL.dir/core/mixer/mixer_sse41.cpp.obj
[ 43%] Building CXX object externals/dynarmic/src/dynarmic/CMakeFiles/dynarmic.dir/frontend/A32/translate/impl/misc.cpp.obj
[ 43%] Building C object externals/libressl/crypto/CMakeFiles/crypto_obj.dir/bn/bn_shift.c.obj
[ 43%] Building C object externals/libressl/crypto/CMakeFiles/crypto_obj.dir/bn/bn_small_primes.c.obj
[ 43%] Building RC object externals/openal-soft/CMakeFiles/OpenAL.dir/resources/openal32.rc.res
[ 43%] Building C object externals/libressl/crypto/CMakeFiles/crypto_obj.dir/bn/bn_sqr.c.obj
[ 43%] Building CXX object externals/dynarmic/src/dynarmic/CMakeFiles/dynarmic.dir/frontend/A32/translate/impl/multiply.cpp.obj
[ 43%] Building C object externals/sdl2/SDL/CMakeFiles/SDL2-static.dir/src/events/SDL_gesture.c.obj
[ 43%] Building C object externals/libressl/crypto/CMakeFiles/crypto_obj.dir/bn/bn_word.c.obj
[ 43%] Building CXX object externals/dynarmic/src/dynarmic/CMakeFiles/dynarmic.dir/frontend/A32/translate/impl/packing.cpp.obj
[ 43%] Building C object externals/libressl/crypto/CMakeFiles/crypto_obj.dir/buffer/buf_err.c.obj
[ 43%] Building C object externals/sdl2/SDL/CMakeFiles/SDL2-static.dir/src/events/SDL_keyboard.c.obj
[ 43%] Building CXX object externals/dynarmic/src/dynarmic/CMakeFiles/dynarmic.dir/frontend/A32/translate/impl/parallel.cpp.obj
[ 43%] Building C object externals/sdl2/SDL/CMakeFiles/SDL2-static.dir/src/events/SDL_keysym_to_scancode.c.obj
[ 43%] Building C object externals/libressl/crypto/CMakeFiles/crypto_obj.dir/buffer/buf_str.c.obj
[ 43%] Building C object externals/sdl2/SDL/CMakeFiles/SDL2-static.dir/src/events/SDL_mouse.c.obj
[ 43%] Building C object externals/sdl2/SDL/CMakeFiles/SDL2-static.dir/src/events/SDL_quit.c.obj
[ 43%] Building C object externals/libressl/crypto/CMakeFiles/crypto_obj.dir/buffer/buffer.c.obj
[ 43%] Building CXX object externals/dynarmic/src/dynarmic/CMakeFiles/dynarmic.dir/frontend/A32/translate/impl/reversal.cpp.obj
[ 43%] Building CXX object externals/dynarmic/src/dynarmic/CMakeFiles/dynarmic.dir/frontend/A32/translate/impl/saturated.cpp.obj
[ 43%] Building C object externals/libressl/crypto/CMakeFiles/crypto_obj.dir/bytestring/bs_ber.c.obj
[ 43%] Building C object externals/sdl2/SDL/CMakeFiles/SDL2-static.dir/src/events/SDL_scancode_tables.c.obj
[ 43%] Building CXX object externals/dynarmic/src/dynarmic/CMakeFiles/dynarmic.dir/frontend/A32/translate/impl/status_register_access.cpp.obj
[ 43%] Building C object externals/sdl2/SDL/CMakeFiles/SDL2-static.dir/src/events/SDL_touch.c.obj
[ 43%] Building C object externals/sdl2/SDL/CMakeFiles/SDL2-static.dir/src/events/SDL_windowevents.c.obj
[ 43%] Building CXX object externals/dynarmic/src/dynarmic/CMakeFiles/dynarmic.dir/frontend/A32/translate/impl/synchronization.cpp.obj
[ 43%] Building C object externals/libressl/crypto/CMakeFiles/crypto_obj.dir/bytestring/bs_cbb.c.obj
[ 43%] Building C object externals/sdl2/SDL/CMakeFiles/SDL2-static.dir/src/events/imKStoUCS.c.obj
[ 43%] Building C object externals/libressl/crypto/CMakeFiles/crypto_obj.dir/bytestring/bs_cbs.c.obj
[ 43%] Building C object externals/libressl/crypto/CMakeFiles/crypto_obj.dir/camellia/cmll_ctr.c.obj
[ 43%] Building C object externals/libressl/crypto/CMakeFiles/crypto_obj.dir/camellia/cmll_cfb.c.obj
[ 43%] Building CXX object externals/dynarmic/src/dynarmic/CMakeFiles/dynarmic.dir/frontend/A32/translate/impl/thumb16.cpp.obj
[ 43%] Building CXX object externals/dynarmic/src/dynarmic/CMakeFiles/dynarmic.dir/frontend/A32/translate/impl/thumb32_branch.cpp.obj
[ 43%] Linking CXX shared library ../../bin/Release/OpenAL32.dll
[ 43%] Building C object externals/libressl/crypto/CMakeFiles/crypto_obj.dir/camellia/cmll_ecb.c.obj
[ 44%] Building C object externals/sdl2/SDL/CMakeFiles/SDL2-static.dir/src/file/SDL_rwops.c.obj
[ 44%] Building CXX object externals/dynarmic/src/dynarmic/CMakeFiles/dynarmic.dir/frontend/A32/translate/impl/thumb32_control.cpp.obj
[ 44%] Building C object externals/libressl/crypto/CMakeFiles/crypto_obj.dir/camellia/cmll_misc.c.obj
[ 44%] Building C object externals/libressl/crypto/CMakeFiles/crypto_obj.dir/camellia/cmll_ofb.c.obj
[ 44%] Building C object externals/libressl/crypto/CMakeFiles/crypto_obj.dir/cast/c_cfb64.c.obj
[ 44%] Building CXX object externals/dynarmic/src/dynarmic/CMakeFiles/dynarmic.dir/frontend/A32/translate/impl/thumb32_coprocessor.cpp.obj
[ 44%] Built target SPIRV-Tools-static
[ 44%] Building C object externals/sdl2/SDL/CMakeFiles/SDL2-static.dir/src/hidapi/SDL_hidapi.c.obj
[ 44%] Building C object externals/sdl2/SDL/CMakeFiles/SDL2-static.dir/src/haptic/SDL_haptic.c.obj
[ 44%] Building C object externals/sdl2/SDL/CMakeFiles/SDL2-static.dir/src/joystick/SDL_gamecontroller.c.obj
[ 44%] Building CXX object externals/dynarmic/src/dynarmic/CMakeFiles/dynarmic.dir/frontend/A32/translate/impl/thumb32_data_processing_modified_immediate.cpp.obj
[ 44%] Building C object externals/sdl2/SDL/CMakeFiles/SDL2-static.dir/src/joystick/SDL_joystick.c.obj
[ 44%] Building C object externals/libressl/crypto/CMakeFiles/crypto_obj.dir/cast/c_ecb.c.obj
[ 44%] Building C object externals/sdl2/SDL/CMakeFiles/SDL2-static.dir/src/joystick/SDL_steam_virtual_gamepad.c.obj
[ 44%] Building C object externals/libressl/crypto/CMakeFiles/crypto_obj.dir/cast/c_enc.c.obj
[ 44%] Building CXX object externals/dynarmic/src/dynarmic/CMakeFiles/dynarmic.dir/frontend/A32/translate/impl/thumb32_data_processing_plain_binary_immediate.cpp.obj
[ 44%] Building CXX object externals/dynarmic/src/dynarmic/CMakeFiles/dynarmic.dir/frontend/A32/translate/impl/thumb32_data_processing_register.cpp.obj
[ 44%] Building C object externals/sdl2/SDL/CMakeFiles/SDL2-static.dir/src/joystick/controller_type.c.obj
[ 44%] Building C object externals/libressl/crypto/CMakeFiles/crypto_obj.dir/cast/c_ofb64.c.obj
[ 44%] Building C object externals/libressl/crypto/CMakeFiles/crypto_obj.dir/cast/c_skey.c.obj
[ 44%] Building C object externals/libressl/crypto/CMakeFiles/crypto_obj.dir/chacha/chacha.c.obj
[ 44%] Building C object externals/libressl/crypto/CMakeFiles/crypto_obj.dir/cmac/cm_ameth.c.obj
[ 45%] Building C object externals/libressl/crypto/CMakeFiles/crypto_obj.dir/cmac/cm_pmeth.c.obj
[ 45%] Building C object externals/sdl2/SDL/CMakeFiles/SDL2-static.dir/src/libm/e_atan2.c.obj
[ 45%] Building CXX object externals/dynarmic/src/dynarmic/CMakeFiles/dynarmic.dir/frontend/A32/translate/impl/thumb32_data_processing_shifted_register.cpp.obj
[ 45%] Building C object externals/sdl2/SDL/CMakeFiles/SDL2-static.dir/src/libm/e_exp.c.obj
[ 45%] Building C object externals/libressl/crypto/CMakeFiles/crypto_obj.dir/cmac/cmac.c.obj
[ 45%] Building C object externals/sdl2/SDL/CMakeFiles/SDL2-static.dir/src/libm/e_fmod.c.obj
[ 45%] Building CXX object externals/dynarmic/src/dynarmic/CMakeFiles/dynarmic.dir/frontend/A32/translate/impl/thumb32_load_byte.cpp.obj
[ 45%] Building CXX object externals/dynarmic/src/dynarmic/CMakeFiles/dynarmic.dir/frontend/A32/translate/impl/thumb32_load_halfword.cpp.obj
[ 45%] Building C object externals/libressl/crypto/CMakeFiles/crypto_obj.dir/cms/cms_asn1.c.obj
[ 45%] Building C object externals/sdl2/SDL/CMakeFiles/SDL2-static.dir/src/libm/e_log10.c.obj
[ 45%] Building CXX object externals/dynarmic/src/dynarmic/CMakeFiles/dynarmic.dir/frontend/A32/translate/impl/thumb32_load_store_multiple.cpp.obj
[ 45%] Building CXX object externals/dynarmic/src/dynarmic/CMakeFiles/dynarmic.dir/frontend/A32/translate/impl/thumb32_load_word.cpp.obj
[ 45%] Building C object externals/libressl/crypto/CMakeFiles/crypto_obj.dir/cms/cms_cd.c.obj
[ 45%] Building C object externals/sdl2/SDL/CMakeFiles/SDL2-static.dir/src/libm/e_log.c.obj
[ 46%] Building C object externals/libressl/crypto/CMakeFiles/crypto_obj.dir/cms/cms_att.c.obj
[ 46%] Building CXX object externals/dynarmic/src/dynarmic/CMakeFiles/dynarmic.dir/frontend/A32/translate/impl/thumb32_long_multiply.cpp.obj
[ 46%] Building CXX object externals/dynarmic/src/dynarmic/CMakeFiles/dynarmic.dir/frontend/A32/translate/impl/thumb32_load_store_dual.cpp.obj
[ 46%] Building C object externals/libressl/crypto/CMakeFiles/crypto_obj.dir/cms/cms_dd.c.obj
[ 46%] Building C object externals/sdl2/SDL/CMakeFiles/SDL2-static.dir/src/libm/e_pow.c.obj
[ 46%] Building C object externals/libressl/crypto/CMakeFiles/crypto_obj.dir/cms/cms_enc.c.obj
[ 46%] Building CXX object externals/dynarmic/src/dynarmic/CMakeFiles/dynarmic.dir/frontend/A32/translate/impl/thumb32_misc.cpp.obj
[ 46%] Building C object externals/sdl2/SDL/CMakeFiles/SDL2-static.dir/src/libm/e_rem_pio2.c.obj
[ 46%] Building CXX object externals/dynarmic/src/dynarmic/CMakeFiles/dynarmic.dir/frontend/A32/translate/impl/thumb32_multiply.cpp.obj
[ 46%] Building CXX object externals/spirv-tools/source/opt/CMakeFiles/SPIRV-Tools-opt.dir/aggressive_dead_code_elim_pass.cpp.obj
[ 46%] Building CXX object externals/spirv-tools/source/opt/CMakeFiles/SPIRV-Tools-opt.dir/fix_func_call_arguments.cpp.obj
[ 46%] Building C object externals/libressl/crypto/CMakeFiles/crypto_obj.dir/cms/cms_env.c.obj
[ 46%] Building C object externals/libressl/crypto/CMakeFiles/crypto_obj.dir/cms/cms_err.c.obj
[ 46%] Building CXX object externals/spirv-tools/source/opt/CMakeFiles/SPIRV-Tools-opt.dir/amd_ext_to_khr.cpp.obj
[ 46%] Building C object externals/sdl2/SDL/CMakeFiles/SDL2-static.dir/src/libm/e_sqrt.c.obj
[ 46%] Building C object externals/sdl2/SDL/CMakeFiles/SDL2-static.dir/src/libm/k_cos.c.obj
[ 46%] Building C object externals/sdl2/SDL/CMakeFiles/SDL2-static.dir/src/libm/k_rem_pio2.c.obj
[ 46%] Building C object externals/libressl/crypto/CMakeFiles/crypto_obj.dir/cms/cms_ess.c.obj
[ 46%] Building CXX object externals/dynarmic/src/dynarmic/CMakeFiles/dynarmic.dir/frontend/A32/translate/impl/thumb32_parallel.cpp.obj
[ 46%] Building C object externals/sdl2/SDL/CMakeFiles/SDL2-static.dir/src/libm/k_sin.c.obj
[ 47%] Building CXX object externals/spirv-tools/source/opt/CMakeFiles/SPIRV-Tools-opt.dir/analyze_live_input_pass.cpp.obj
[ 47%] Building CXX object externals/dynarmic/src/dynarmic/CMakeFiles/dynarmic.dir/frontend/A32/translate/impl/thumb32_store_single_data_item.cpp.obj
[ 47%] Building CXX object externals/spirv-tools/source/opt/CMakeFiles/SPIRV-Tools-opt.dir/basic_block.cpp.obj
[ 47%] Built target citra_common
[ 47%] Building CXX object externals/dynarmic/src/dynarmic/CMakeFiles/dynarmic.dir/frontend/A32/translate/impl/vfp.cpp.obj
[ 47%] Building C object externals/libressl/crypto/CMakeFiles/crypto_obj.dir/cms/cms_io.c.obj
[ 47%] Building CXX object externals/dynarmic/src/dynarmic/CMakeFiles/dynarmic.dir/frontend/A32/translate/translate_arm.cpp.obj
[ 47%] Building C object externals/sdl2/SDL/CMakeFiles/SDL2-static.dir/src/libm/k_tan.c.obj
[ 47%] Building CXX object externals/spirv-tools/source/opt/CMakeFiles/SPIRV-Tools-opt.dir/block_merge_pass.cpp.obj
[ 47%] Building CXX object externals/spirv-tools/source/opt/CMakeFiles/SPIRV-Tools-opt.dir/block_merge_util.cpp.obj
[ 47%] Building C object externals/libressl/crypto/CMakeFiles/crypto_obj.dir/cms/cms_kari.c.obj
[ 47%] Building CXX object externals/dynarmic/src/dynarmic/CMakeFiles/dynarmic.dir/frontend/A32/translate/translate_thumb.cpp.obj
[ 47%] Building C object externals/sdl2/SDL/CMakeFiles/SDL2-static.dir/src/libm/s_atan.c.obj
[ 47%] Building CXX object externals/dynarmic/src/dynarmic/CMakeFiles/dynarmic.dir/ir/opt/a32_constant_memory_reads_pass.cpp.obj
[ 47%] Building CXX object externals/spirv-tools/source/opt/CMakeFiles/SPIRV-Tools-opt.dir/build_module.cpp.obj
[ 47%] Building C object externals/libressl/crypto/CMakeFiles/crypto_obj.dir/cms/cms_lib.c.obj
[ 47%] Building CXX object externals/spirv-tools/source/opt/CMakeFiles/SPIRV-Tools-opt.dir/ccp_pass.cpp.obj
[ 47%] Building CXX object externals/spirv-tools/source/opt/CMakeFiles/SPIRV-Tools-opt.dir/cfg_cleanup_pass.cpp.obj
[ 47%] Building C object externals/libressl/crypto/CMakeFiles/crypto_obj.dir/cms/cms_pwri.c.obj
[ 47%] Building C object externals/sdl2/SDL/CMakeFiles/SDL2-static.dir/src/libm/s_copysign.c.obj
[ 47%] Building CXX object externals/spirv-tools/source/opt/CMakeFiles/SPIRV-Tools-opt.dir/cfg.cpp.obj
[ 47%] Building C object externals/sdl2/SDL/CMakeFiles/SDL2-static.dir/src/libm/s_cos.c.obj
[ 47%] Building C object externals/libressl/crypto/CMakeFiles/crypto_obj.dir/cms/cms_sd.c.obj
[ 47%] Building CXX object externals/dynarmic/src/dynarmic/CMakeFiles/dynarmic.dir/ir/opt/a32_get_set_elimination_pass.cpp.obj
[ 47%] Building C object externals/libressl/crypto/CMakeFiles/crypto_obj.dir/cms/cms_smime.c.obj
[ 47%] Building C object externals/sdl2/SDL/CMakeFiles/SDL2-static.dir/src/libm/s_fabs.c.obj
[ 47%] Building C object externals/libressl/crypto/CMakeFiles/crypto_obj.dir/comp/c_rle.c.obj
[ 47%] Building CXX object externals/spirv-tools/source/opt/CMakeFiles/SPIRV-Tools-opt.dir/code_sink.cpp.obj
[ 47%] Building CXX object externals/dynarmic/src/dynarmic/CMakeFiles/dynarmic.dir/backend/x64/abi.cpp.obj
[ 47%] Building C object externals/sdl2/SDL/CMakeFiles/SDL2-static.dir/src/libm/s_floor.c.obj
[ 47%] Building CXX object externals/spirv-tools/source/opt/CMakeFiles/SPIRV-Tools-opt.dir/compact_ids_pass.cpp.obj
[ 47%] Building C object externals/libressl/crypto/CMakeFiles/crypto_obj.dir/comp/c_zlib.c.obj
[ 47%] Building CXX object externals/spirv-tools/source/opt/CMakeFiles/SPIRV-Tools-opt.dir/combine_access_chains.cpp.obj
[ 47%] Building CXX object externals/dynarmic/src/dynarmic/CMakeFiles/dynarmic.dir/backend/x64/block_of_code.cpp.obj
[ 47%] Building C object externals/libressl/crypto/CMakeFiles/crypto_obj.dir/comp/comp_err.c.obj
[ 47%] Building C object externals/libressl/crypto/CMakeFiles/crypto_obj.dir/comp/comp_lib.c.obj
[ 47%] Building CXX object externals/spirv-tools/source/opt/CMakeFiles/SPIRV-Tools-opt.dir/composite.cpp.obj
[ 47%] Building CXX object externals/spirv-tools/source/opt/CMakeFiles/SPIRV-Tools-opt.dir/const_folding_rules.cpp.obj
[ 48%] Building C object externals/sdl2/SDL/CMakeFiles/SDL2-static.dir/src/libm/s_scalbn.c.obj
[ 48%] Building C object externals/sdl2/SDL/CMakeFiles/SDL2-static.dir/src/libm/s_sin.c.obj
[ 48%] Building CXX object externals/dynarmic/src/dynarmic/CMakeFiles/dynarmic.dir/backend/x64/callback.cpp.obj
[ 48%] Building C object externals/libressl/crypto/CMakeFiles/crypto_obj.dir/conf/conf_api.c.obj
[ 48%] Building C object externals/libressl/crypto/CMakeFiles/crypto_obj.dir/conf/conf_def.c.obj
[ 48%] Building C object externals/sdl2/SDL/CMakeFiles/SDL2-static.dir/src/libm/s_tan.c.obj
[ 48%] Building C object externals/sdl2/SDL/CMakeFiles/SDL2-static.dir/src/locale/SDL_locale.c.obj
[ 48%] Building C object externals/libressl/crypto/CMakeFiles/crypto_obj.dir/conf/conf_err.c.obj
[ 48%] Building CXX object externals/dynarmic/src/dynarmic/CMakeFiles/dynarmic.dir/backend/x64/emit_x64.cpp.obj
[ 48%] Building CXX object externals/dynarmic/src/dynarmic/CMakeFiles/dynarmic.dir/backend/x64/constant_pool.cpp.obj
[ 48%] Building CXX object externals/dynarmic/src/dynarmic/CMakeFiles/dynarmic.dir/backend/x64/emit_x64_aes.cpp.obj
[ 48%] Building CXX object externals/spirv-tools/source/opt/CMakeFiles/SPIRV-Tools-opt.dir/constants.cpp.obj
[ 48%] Building CXX object externals/spirv-tools/source/opt/CMakeFiles/SPIRV-Tools-opt.dir/control_dependence.cpp.obj
[ 48%] Building CXX object externals/spirv-tools/source/opt/CMakeFiles/SPIRV-Tools-opt.dir/convert_to_sampled_image_pass.cpp.obj
[ 48%] Building CXX object externals/spirv-tools/source/opt/CMakeFiles/SPIRV-Tools-opt.dir/convert_to_half_pass.cpp.obj
[ 48%] Building C object externals/sdl2/SDL/CMakeFiles/SDL2-static.dir/src/misc/SDL_url.c.obj
[ 48%] Building CXX object externals/spirv-tools/source/opt/CMakeFiles/SPIRV-Tools-opt.dir/copy_prop_arrays.cpp.obj
[ 48%] Building C object externals/libressl/crypto/CMakeFiles/crypto_obj.dir/conf/conf_lib.c.obj
[ 48%] Building CXX object externals/dynarmic/src/dynarmic/CMakeFiles/dynarmic.dir/backend/x64/emit_x64_crc32.cpp.obj
[ 48%] Building CXX object externals/dynarmic/src/dynarmic/CMakeFiles/dynarmic.dir/backend/x64/emit_x64_data_processing.cpp.obj
[ 48%] Building C object externals/sdl2/SDL/CMakeFiles/SDL2-static.dir/src/power/SDL_power.c.obj
[ 48%] Building C object externals/sdl2/SDL/CMakeFiles/SDL2-static.dir/src/render/SDL_render.c.obj
[ 48%] Building CXX object externals/spirv-tools/source/opt/CMakeFiles/SPIRV-Tools-opt.dir/dataflow.cpp.obj
[ 48%] Building CXX object externals/spirv-tools/source/opt/CMakeFiles/SPIRV-Tools-opt.dir/dead_branch_elim_pass.cpp.obj
[ 50%] Building C object externals/libressl/crypto/CMakeFiles/crypto_obj.dir/conf/conf_mall.c.obj
[ 50%] Building C object externals/sdl2/SDL/CMakeFiles/SDL2-static.dir/src/render/direct3d/SDL_render_d3d.c.obj
[ 50%] Building C object externals/libressl/crypto/CMakeFiles/crypto_obj.dir/conf/conf_mod.c.obj
[ 50%] Building CXX object externals/spirv-tools/source/opt/CMakeFiles/SPIRV-Tools-opt.dir/dead_insert_elim_pass.cpp.obj
[ 50%] Building C object externals/sdl2/SDL/CMakeFiles/SDL2-static.dir/src/render/SDL_d3dmath.c.obj
[ 50%] Building CXX object externals/spirv-tools/source/opt/CMakeFiles/SPIRV-Tools-opt.dir/dead_variable_elimination.cpp.obj
[ 50%] Building C object externals/sdl2/SDL/CMakeFiles/SDL2-static.dir/src/render/SDL_yuv_sw.c.obj
[ 50%] Building CXX object externals/spirv-tools/source/opt/CMakeFiles/SPIRV-Tools-opt.dir/decoration_manager.cpp.obj
[ 50%] Building CXX object externals/dynarmic/src/dynarmic/CMakeFiles/dynarmic.dir/backend/x64/emit_x64_packed.cpp.obj
[ 50%] Building CXX object externals/dynarmic/src/dynarmic/CMakeFiles/dynarmic.dir/backend/x64/emit_x64_floating_point.cpp.obj
[ 50%] Building CXX object externals/spirv-tools/source/opt/CMakeFiles/SPIRV-Tools-opt.dir/debug_info_manager.cpp.obj
[ 50%] Building C object externals/sdl2/SDL/CMakeFiles/SDL2-static.dir/src/render/direct3d/SDL_shaders_d3d.c.obj
[ 50%] Building C object externals/libressl/crypto/CMakeFiles/crypto_obj.dir/conf/conf_sap.c.obj
[ 50%] Building C object externals/sdl2/SDL/CMakeFiles/SDL2-static.dir/src/render/direct3d11/SDL_render_d3d11.c.obj
[ 50%] Building C object externals/sdl2/SDL/CMakeFiles/SDL2-static.dir/src/render/direct3d11/SDL_shaders_d3d11.c.obj
[ 50%] Building C object externals/libressl/crypto/CMakeFiles/crypto_obj.dir/ct/ct_b64.c.obj
[ 51%] Building CXX object externals/spirv-tools/source/opt/CMakeFiles/SPIRV-Tools-opt.dir/def_use_manager.cpp.obj
[ 51%] Building CXX object externals/spirv-tools/source/opt/CMakeFiles/SPIRV-Tools-opt.dir/desc_sroa.cpp.obj
[ 51%] Building C object externals/sdl2/SDL/CMakeFiles/SDL2-static.dir/src/render/direct3d12/SDL_render_d3d12.c.obj
[ 51%] Building CXX object externals/dynarmic/src/dynarmic/CMakeFiles/dynarmic.dir/backend/x64/emit_x64_saturation.cpp.obj
[ 51%] Building CXX object externals/dynarmic/src/dynarmic/CMakeFiles/dynarmic.dir/backend/x64/emit_x64_sha.cpp.obj
[ 51%] Building C object externals/sdl2/SDL/CMakeFiles/SDL2-static.dir/src/render/direct3d12/SDL_shaders_d3d12.c.obj
[ 51%] Building C object externals/libressl/crypto/CMakeFiles/crypto_obj.dir/ct/ct_err.c.obj
[ 51%] Building CXX object externals/spirv-tools/source/opt/CMakeFiles/SPIRV-Tools-opt.dir/desc_sroa_util.cpp.obj
[ 51%] Building C object externals/sdl2/SDL/CMakeFiles/SDL2-static.dir/src/render/opengl/SDL_render_gl.c.obj
[ 51%] Building CXX object externals/dynarmic/src/dynarmic/CMakeFiles/dynarmic.dir/backend/x64/emit_x64_sm4.cpp.obj
[ 51%] Building C object externals/libressl/crypto/CMakeFiles/crypto_obj.dir/ct/ct_log.c.obj
[ 51%] Building C object externals/sdl2/SDL/CMakeFiles/SDL2-static.dir/src/render/opengles/SDL_render_gles.c.obj
[ 51%] Building C object externals/sdl2/SDL/CMakeFiles/SDL2-static.dir/src/render/opengl/SDL_shaders_gl.c.obj
[ 51%] Building C object externals/libressl/crypto/CMakeFiles/crypto_obj.dir/ct/ct_oct.c.obj
[ 51%] Building CXX object externals/spirv-tools/source/opt/CMakeFiles/SPIRV-Tools-opt.dir/dominator_analysis.cpp.obj
[ 51%] Building C object externals/libressl/crypto/CMakeFiles/crypto_obj.dir/ct/ct_policy.c.obj
[ 51%] Building CXX object externals/dynarmic/src/dynarmic/CMakeFiles/dynarmic.dir/backend/x64/emit_x64_vector.cpp.obj
[ 52%] Building CXX object externals/dynarmic/src/dynarmic/CMakeFiles/dynarmic.dir/backend/x64/emit_x64_vector_floating_point.cpp.obj
[ 52%] Building C object externals/sdl2/SDL/CMakeFiles/SDL2-static.dir/src/render/opengles2/SDL_render_gles2.c.obj
[ 52%] Building C object externals/libressl/crypto/CMakeFiles/crypto_obj.dir/ct/ct_prn.c.obj
[ 52%] Building CXX object externals/dynarmic/src/dynarmic/CMakeFiles/dynarmic.dir/backend/x64/emit_x64_vector_saturation.cpp.obj
[ 52%] Building C object externals/sdl2/SDL/CMakeFiles/SDL2-static.dir/src/render/opengles2/SDL_shaders_gles2.c.obj
[ 52%] Building CXX object externals/spirv-tools/source/opt/CMakeFiles/SPIRV-Tools-opt.dir/dominator_tree.cpp.obj
[ 52%] Building C object externals/libressl/crypto/CMakeFiles/crypto_obj.dir/ct/ct_sct.c.obj
[ 52%] Building CXX object externals/spirv-tools/source/opt/CMakeFiles/SPIRV-Tools-opt.dir/eliminate_dead_constant_pass.cpp.obj
[ 52%] Building CXX object externals/spirv-tools/source/opt/CMakeFiles/SPIRV-Tools-opt.dir/eliminate_dead_functions_pass.cpp.obj
[ 52%] Building CXX object externals/dynarmic/src/dynarmic/CMakeFiles/dynarmic.dir/backend/x64/exclusive_monitor.cpp.obj
[ 52%] Building C object externals/sdl2/SDL/CMakeFiles/SDL2-static.dir/src/render/ps2/SDL_render_ps2.c.obj
[ 52%] Building CXX object externals/spirv-tools/source/opt/CMakeFiles/SPIRV-Tools-opt.dir/eliminate_dead_functions_util.cpp.obj
[ 52%] Building C object externals/libressl/crypto/CMakeFiles/crypto_obj.dir/ct/ct_sct_ctx.c.obj
[ 52%] Building C object externals/sdl2/SDL/CMakeFiles/SDL2-static.dir/src/render/psp/SDL_render_psp.c.obj
[ 52%] Building CXX object externals/spirv-tools/source/opt/CMakeFiles/SPIRV-Tools-opt.dir/eliminate_dead_io_components_pass.cpp.obj
[ 52%] Building CXX object externals/dynarmic/src/dynarmic/CMakeFiles/dynarmic.dir/backend/x64/hostloc.cpp.obj
[ 52%] Building C object externals/sdl2/SDL/CMakeFiles/SDL2-static.dir/src/render/software/SDL_blendfillrect.c.obj
[ 52%] Building CXX object externals/dynarmic/src/dynarmic/CMakeFiles/dynarmic.dir/backend/x64/perf_map.cpp.obj
[ 52%] Building C object externals/sdl2/SDL/CMakeFiles/SDL2-static.dir/src/render/software/SDL_blendline.c.obj
[ 52%] Building CXX object externals/spirv-tools/source/opt/CMakeFiles/SPIRV-Tools-opt.dir/eliminate_dead_members_pass.cpp.obj
[ 52%] Building C object externals/libressl/crypto/CMakeFiles/crypto_obj.dir/ct/ct_vfy.c.obj
[ 52%] Building C object externals/libressl/crypto/CMakeFiles/crypto_obj.dir/ct/ct_x509v3.c.obj
[ 52%] Building C object externals/libressl/crypto/CMakeFiles/crypto_obj.dir/curve25519/curve25519-generic.c.obj
[ 52%] Building CXX object externals/dynarmic/src/dynarmic/CMakeFiles/dynarmic.dir/backend/x64/reg_alloc.cpp.obj
[ 52%] Building CXX object externals/spirv-tools/source/opt/CMakeFiles/SPIRV-Tools-opt.dir/eliminate_dead_output_stores_pass.cpp.obj
[ 52%] Building C object externals/sdl2/SDL/CMakeFiles/SDL2-static.dir/src/render/software/SDL_blendpoint.c.obj
[ 53%] Building C object externals/sdl2/SDL/CMakeFiles/SDL2-static.dir/src/render/software/SDL_drawline.c.obj
[ 53%] Building C object externals/libressl/crypto/CMakeFiles/crypto_obj.dir/curve25519/curve25519.c.obj
[ 53%] Building C object externals/sdl2/SDL/CMakeFiles/SDL2-static.dir/src/render/software/SDL_drawpoint.c.obj
[ 53%] Building CXX object externals/dynarmic/src/dynarmic/CMakeFiles/dynarmic.dir/backend/x64/verbose_debugging_output.cpp.obj
[ 53%] Building C object externals/libressl/crypto/CMakeFiles/crypto_obj.dir/des/cbc_cksm.c.obj
[ 53%] Building CXX object externals/spirv-tools/source/opt/CMakeFiles/SPIRV-Tools-opt.dir/feature_manager.cpp.obj
[ 53%] Building CXX object externals/spirv-tools/source/opt/CMakeFiles/SPIRV-Tools-opt.dir/fix_storage_class.cpp.obj
[ 53%] Building CXX object externals/dynarmic/src/dynarmic/CMakeFiles/dynarmic.dir/common/spin_lock_x64.cpp.obj
[ 53%] Building CXX object externals/spirv-tools/source/opt/CMakeFiles/SPIRV-Tools-opt.dir/flatten_decoration_pass.cpp.obj
[ 53%] Building CXX object externals/spirv-tools/source/opt/CMakeFiles/SPIRV-Tools-opt.dir/fold.cpp.obj
[ 53%] Building CXX object externals/spirv-tools/source/opt/CMakeFiles/SPIRV-Tools-opt.dir/folding_rules.cpp.obj
[ 53%] Building CXX object externals/spirv-tools/source/opt/CMakeFiles/SPIRV-Tools-opt.dir/fold_spec_constant_op_and_composite_pass.cpp.obj
[ 53%] Building CXX object externals/dynarmic/src/dynarmic/CMakeFiles/dynarmic.dir/backend/x64/a32_emit_x64.cpp.obj
[ 53%] Building CXX object externals/dynarmic/src/dynarmic/CMakeFiles/dynarmic.dir/backend/x64/a32_interface.cpp.obj
[ 53%] Building CXX object externals/dynarmic/src/dynarmic/CMakeFiles/dynarmic.dir/common/x64_disassemble.cpp.obj
[ 53%] Building C object externals/sdl2/SDL/CMakeFiles/SDL2-static.dir/src/render/software/SDL_render_sw.c.obj
[ 53%] Building CXX object externals/dynarmic/src/dynarmic/CMakeFiles/dynarmic.dir/backend/x64/a32_emit_x64_memory.cpp.obj
[ 53%] Building C object externals/libressl/crypto/CMakeFiles/crypto_obj.dir/des/cbc_enc.c.obj
[ 53%] Building CXX object externals/spirv-tools/source/opt/CMakeFiles/SPIRV-Tools-opt.dir/freeze_spec_constant_value_pass.cpp.obj
[ 53%] Building CXX object externals/dynarmic/src/dynarmic/CMakeFiles/dynarmic.dir/backend/x64/a32_jitstate.cpp.obj
[ 53%] Building C object externals/libressl/crypto/CMakeFiles/crypto_obj.dir/des/cfb64ede.c.obj
[ 53%] Building CXX object externals/dynarmic/src/dynarmic/CMakeFiles/dynarmic.dir/backend/exception_handler_windows.cpp.obj
[ 53%] Building C object externals/libressl/crypto/CMakeFiles/crypto_obj.dir/des/cfb64enc.c.obj
[ 53%] Building C object externals/sdl2/SDL/CMakeFiles/SDL2-static.dir/src/render/software/SDL_rotate.c.obj
[ 53%] Building C object externals/libressl/crypto/CMakeFiles/crypto_obj.dir/des/cfb_enc.c.obj
[ 53%] Building C object externals/libressl/crypto/CMakeFiles/crypto_obj.dir/des/des_enc.c.obj
[ 53%] Building CXX object externals/spirv-tools/source/opt/CMakeFiles/SPIRV-Tools-opt.dir/function.cpp.obj
[ 53%] Building CXX object externals/spirv-tools/source/opt/CMakeFiles/SPIRV-Tools-opt.dir/graphics_robust_access_pass.cpp.obj
[ 53%] Building C object externals/libressl/crypto/CMakeFiles/crypto_obj.dir/des/ecb3_enc.c.obj
[ 53%] Building C object externals/sdl2/SDL/CMakeFiles/SDL2-static.dir/src/render/software/SDL_triangle.c.obj
[ 53%] Building C object externals/sdl2/SDL/CMakeFiles/SDL2-static.dir/src/render/vitagxm/SDL_render_vita_gxm.c.obj
[ 53%] Building CXX object externals/spirv-tools/source/opt/CMakeFiles/SPIRV-Tools-opt.dir/if_conversion.cpp.obj
[ 53%] Building CXX object externals/spirv-tools/source/opt/CMakeFiles/SPIRV-Tools-opt.dir/inline_exhaustive_pass.cpp.obj
[ 53%] Building C object externals/libressl/crypto/CMakeFiles/crypto_obj.dir/des/ecb_enc.c.obj
[ 53%] Building C object externals/sdl2/SDL/CMakeFiles/SDL2-static.dir/src/render/vitagxm/SDL_render_vita_gxm_memory.c.obj
[ 53%] Building C object externals/libressl/crypto/CMakeFiles/crypto_obj.dir/des/ede_cbcm_enc.c.obj
[ 53%] Building CXX object externals/spirv-tools/source/opt/CMakeFiles/SPIRV-Tools-opt.dir/inline_opaque_pass.cpp.obj
[ 53%] Building C object externals/sdl2/SDL/CMakeFiles/SDL2-static.dir/src/render/vitagxm/SDL_render_vita_gxm_tools.c.obj
[ 54%] Building C object externals/libressl/crypto/CMakeFiles/crypto_obj.dir/des/enc_read.c.obj
[ 54%] Building C object externals/sdl2/SDL/CMakeFiles/SDL2-static.dir/src/sensor/SDL_sensor.c.obj
[ 54%] Building C object externals/libressl/crypto/CMakeFiles/crypto_obj.dir/des/enc_writ.c.obj
[ 54%] Building CXX object externals/spirv-tools/source/opt/CMakeFiles/SPIRV-Tools-opt.dir/inline_pass.cpp.obj
[ 54%] Building C object externals/sdl2/SDL/CMakeFiles/SDL2-static.dir/src/stdlib/SDL_crc16.c.obj
[ 55%] Building CXX object externals/spirv-tools/source/opt/CMakeFiles/SPIRV-Tools-opt.dir/instruction.cpp.obj
[ 55%] Building C object externals/sdl2/SDL/CMakeFiles/SDL2-static.dir/src/stdlib/SDL_crc32.c.obj
[ 55%] Building CXX object externals/spirv-tools/source/opt/CMakeFiles/SPIRV-Tools-opt.dir/instruction_list.cpp.obj
[ 55%] Building C object externals/libressl/crypto/CMakeFiles/crypto_obj.dir/des/fcrypt.c.obj
[ 55%] Building CXX object externals/spirv-tools/source/opt/CMakeFiles/SPIRV-Tools-opt.dir/interface_var_sroa.cpp.obj
[ 55%] Building C object externals/libressl/crypto/CMakeFiles/crypto_obj.dir/des/fcrypt_b.c.obj
[ 55%] Building C object externals/sdl2/SDL/CMakeFiles/SDL2-static.dir/src/stdlib/SDL_getenv.c.obj
[ 55%] Building C object externals/sdl2/SDL/CMakeFiles/SDL2-static.dir/src/stdlib/SDL_iconv.c.obj
[ 55%] Building CXX object externals/spirv-tools/source/opt/CMakeFiles/SPIRV-Tools-opt.dir/invocation_interlock_placement_pass.cpp.obj
[ 55%] Building CXX object externals/spirv-tools/source/opt/CMakeFiles/SPIRV-Tools-opt.dir/interp_fixup_pass.cpp.obj
[ 55%] Building C object externals/sdl2/SDL/CMakeFiles/SDL2-static.dir/src/stdlib/SDL_malloc.c.obj
[ 55%] Building CXX object externals/spirv-tools/source/opt/CMakeFiles/SPIRV-Tools-opt.dir/opextinst_forward_ref_fixup_pass.cpp.obj
[ 55%] Building C object externals/sdl2/SDL/CMakeFiles/SDL2-static.dir/src/stdlib/SDL_mslibc.c.obj
[ 55%] Building C object externals/sdl2/SDL/CMakeFiles/SDL2-static.dir/src/stdlib/SDL_qsort.c.obj
[ 55%] Building C object externals/libressl/crypto/CMakeFiles/crypto_obj.dir/des/ofb64enc.c.obj
[ 55%] Building C object externals/libressl/crypto/CMakeFiles/crypto_obj.dir/des/ofb64ede.c.obj
[ 55%] Building C object externals/sdl2/SDL/CMakeFiles/SDL2-static.dir/src/stdlib/SDL_stdlib.c.obj
[ 55%] Building C object externals/sdl2/SDL/CMakeFiles/SDL2-static.dir/src/stdlib/SDL_string.c.obj
[ 55%] Building C object externals/libressl/crypto/CMakeFiles/crypto_obj.dir/des/ofb_enc.c.obj
[ 55%] Building C object externals/sdl2/SDL/CMakeFiles/SDL2-static.dir/src/stdlib/SDL_strtokr.c.obj
[ 55%] Building C object externals/libressl/crypto/CMakeFiles/crypto_obj.dir/des/pcbc_enc.c.obj
[ 55%] Building CXX object externals/spirv-tools/source/opt/CMakeFiles/SPIRV-Tools-opt.dir/ir_context.cpp.obj
[ 55%] Building CXX object externals/spirv-tools/source/opt/CMakeFiles/SPIRV-Tools-opt.dir/ir_loader.cpp.obj
[ 55%] Building CXX object externals/spirv-tools/source/opt/CMakeFiles/SPIRV-Tools-opt.dir/licm_pass.cpp.obj
[ 55%] Building CXX object externals/spirv-tools/source/opt/CMakeFiles/SPIRV-Tools-opt.dir/local_redundancy_elimination.cpp.obj
[ 55%] Building CXX object externals/spirv-tools/source/opt/CMakeFiles/SPIRV-Tools-opt.dir/local_access_chain_convert_pass.cpp.obj
[ 55%] Building CXX object externals/spirv-tools/source/opt/CMakeFiles/SPIRV-Tools-opt.dir/liveness.cpp.obj
[ 55%] Building C object externals/sdl2/SDL/CMakeFiles/SDL2-static.dir/src/thread/SDL_thread.c.obj
[ 55%] Building C object externals/sdl2/SDL/CMakeFiles/SDL2-static.dir/src/timer/SDL_timer.c.obj
[ 55%] Building CXX object externals/spirv-tools/source/opt/CMakeFiles/SPIRV-Tools-opt.dir/local_single_block_elim_pass.cpp.obj
[ 55%] Building C object externals/sdl2/SDL/CMakeFiles/SDL2-static.dir/src/video/SDL_RLEaccel.c.obj
[ 55%] Building CXX object externals/spirv-tools/source/opt/CMakeFiles/SPIRV-Tools-opt.dir/local_single_store_elim_pass.cpp.obj
[ 55%] Building C object externals/sdl2/SDL/CMakeFiles/SDL2-static.dir/src/video/SDL_blit.c.obj
[ 55%] Building CXX object externals/spirv-tools/source/opt/CMakeFiles/SPIRV-Tools-opt.dir/loop_dependence.cpp.obj
[ 55%] Building C object externals/libressl/crypto/CMakeFiles/crypto_obj.dir/des/qud_cksm.c.obj
[ 56%] Building C object externals/sdl2/SDL/CMakeFiles/SDL2-static.dir/src/video/SDL_blit_1.c.obj
[ 56%] Building C object externals/sdl2/SDL/CMakeFiles/SDL2-static.dir/src/video/SDL_blit_0.c.obj
[ 56%] Building C object externals/libressl/crypto/CMakeFiles/crypto_obj.dir/des/rand_key.c.obj
[ 56%] Building C object externals/libressl/crypto/CMakeFiles/crypto_obj.dir/des/set_key.c.obj
[ 56%] Building C object externals/sdl2/SDL/CMakeFiles/SDL2-static.dir/src/video/SDL_blit_A.c.obj
[ 56%] Building C object externals/sdl2/SDL/CMakeFiles/SDL2-static.dir/src/video/SDL_blit_N.c.obj
[ 56%] Building C object externals/libressl/crypto/CMakeFiles/crypto_obj.dir/des/str2key.c.obj
[ 56%] Building C object externals/sdl2/SDL/CMakeFiles/SDL2-static.dir/src/video/SDL_blit_auto.c.obj
[ 56%] Building C object externals/libressl/crypto/CMakeFiles/crypto_obj.dir/des/xcbc_enc.c.obj
[ 56%] Building CXX object externals/spirv-tools/source/opt/CMakeFiles/SPIRV-Tools-opt.dir/loop_dependence_helpers.cpp.obj
[ 56%] Building C object externals/libressl/crypto/CMakeFiles/crypto_obj.dir/dh/dh_ameth.c.obj
[ 56%] Building C object externals/sdl2/SDL/CMakeFiles/SDL2-static.dir/src/video/SDL_blit_copy.c.obj
[ 56%] Building C object externals/libressl/crypto/CMakeFiles/crypto_obj.dir/dh/dh_asn1.c.obj
[ 56%] Building C object externals/sdl2/SDL/CMakeFiles/SDL2-static.dir/src/video/SDL_blit_slow.c.obj
[ 56%] Building CXX object externals/spirv-tools/source/opt/CMakeFiles/SPIRV-Tools-opt.dir/loop_descriptor.cpp.obj
[ 56%] Linking CXX static library libdynarmic.a
[ 56%] Building CXX object externals/spirv-tools/source/opt/CMakeFiles/SPIRV-Tools-opt.dir/loop_fission.cpp.obj
[ 56%] Building C object externals/sdl2/SDL/CMakeFiles/SDL2-static.dir/src/video/SDL_bmp.c.obj
[ 56%] Building CXX object externals/spirv-tools/source/opt/CMakeFiles/SPIRV-Tools-opt.dir/loop_fusion.cpp.obj
[ 56%] Building C object externals/libressl/crypto/CMakeFiles/crypto_obj.dir/dh/dh_check.c.obj
[ 56%] Building C object externals/libressl/crypto/CMakeFiles/crypto_obj.dir/dh/dh_err.c.obj
[ 56%] Building CXX object externals/spirv-tools/source/opt/CMakeFiles/SPIRV-Tools-opt.dir/loop_fusion_pass.cpp.obj
[ 56%] Building C object externals/sdl2/SDL/CMakeFiles/SDL2-static.dir/src/video/SDL_egl.c.obj
[ 56%] Building C object externals/sdl2/SDL/CMakeFiles/SDL2-static.dir/src/video/SDL_clipboard.c.obj
[ 56%] Building CXX object externals/spirv-tools/source/opt/CMakeFiles/SPIRV-Tools-opt.dir/loop_peeling.cpp.obj
[ 56%] Building CXX object externals/spirv-tools/source/opt/CMakeFiles/SPIRV-Tools-opt.dir/loop_utils.cpp.obj
[ 56%] Building C object externals/libressl/crypto/CMakeFiles/crypto_obj.dir/dh/dh_key.c.obj
[ 56%] Building C object externals/libressl/crypto/CMakeFiles/crypto_obj.dir/dh/dh_gen.c.obj
[ 56%] Building C object externals/sdl2/SDL/CMakeFiles/SDL2-static.dir/src/video/SDL_fillrect.c.obj
[ 56%] Building C object externals/sdl2/SDL/CMakeFiles/SDL2-static.dir/src/video/SDL_pixels.c.obj
[ 56%] Building CXX object externals/spirv-tools/source/opt/CMakeFiles/SPIRV-Tools-opt.dir/loop_unroller.cpp.obj
[ 56%] Building C object externals/libressl/crypto/CMakeFiles/crypto_obj.dir/dh/dh_pmeth.c.obj
[ 56%] Building C object externals/libressl/crypto/CMakeFiles/crypto_obj.dir/dh/dh_lib.c.obj
[ 56%] Building C object externals/sdl2/SDL/CMakeFiles/SDL2-static.dir/src/video/SDL_rect.c.obj
[ 56%] Building CXX object externals/spirv-tools/source/opt/CMakeFiles/SPIRV-Tools-opt.dir/loop_unswitch_pass.cpp.obj
[ 56%] Building C object externals/libressl/crypto/CMakeFiles/crypto_obj.dir/dsa/dsa_ameth.c.obj
[ 56%] Building C object externals/libressl/crypto/CMakeFiles/crypto_obj.dir/dsa/dsa_asn1.c.obj
[ 56%] Building CXX object externals/spirv-tools/source/opt/CMakeFiles/SPIRV-Tools-opt.dir/mem_pass.cpp.obj
[ 56%] Building C object externals/libressl/crypto/CMakeFiles/crypto_obj.dir/dsa/dsa_err.c.obj
[ 56%] Building C object externals/sdl2/SDL/CMakeFiles/SDL2-static.dir/src/video/SDL_shape.c.obj
[ 57%] Building C object externals/libressl/crypto/CMakeFiles/crypto_obj.dir/dsa/dsa_gen.c.obj
[ 59%] Building CXX object externals/spirv-tools/source/opt/CMakeFiles/SPIRV-Tools-opt.dir/merge_return_pass.cpp.obj
[ 59%] Building CXX object externals/spirv-tools/source/opt/CMakeFiles/SPIRV-Tools-opt.dir/modify_maximal_reconvergence.cpp.obj
[ 59%] Building CXX object externals/spirv-tools/source/opt/CMakeFiles/SPIRV-Tools-opt.dir/module.cpp.obj
[ 59%] Building CXX object externals/spirv-tools/source/opt/CMakeFiles/SPIRV-Tools-opt.dir/optimizer.cpp.obj
[ 59%] Building C object externals/libressl/crypto/CMakeFiles/crypto_obj.dir/dsa/dsa_key.c.obj
[ 59%] Building C object externals/libressl/crypto/CMakeFiles/crypto_obj.dir/dsa/dsa_lib.c.obj
[ 59%] Building C object externals/sdl2/SDL/CMakeFiles/SDL2-static.dir/src/video/SDL_stretch.c.obj
[ 59%] Building CXX object externals/spirv-tools/source/opt/CMakeFiles/SPIRV-Tools-opt.dir/pass.cpp.obj
[ 59%] Building C object externals/sdl2/SDL/CMakeFiles/SDL2-static.dir/src/video/SDL_surface.c.obj
[ 59%] Building C object externals/libressl/crypto/CMakeFiles/crypto_obj.dir/dsa/dsa_meth.c.obj
[ 59%] Building C object externals/sdl2/SDL/CMakeFiles/SDL2-static.dir/src/video/SDL_video.c.obj
[ 59%] Building CXX object externals/spirv-tools/source/opt/CMakeFiles/SPIRV-Tools-opt.dir/pass_manager.cpp.obj
[ 59%] Building C object externals/libressl/crypto/CMakeFiles/crypto_obj.dir/dsa/dsa_ossl.c.obj
[ 59%] Building C object externals/sdl2/SDL/CMakeFiles/SDL2-static.dir/src/video/SDL_vulkan_utils.c.obj
[ 59%] Building C object externals/libressl/crypto/CMakeFiles/crypto_obj.dir/dsa/dsa_pmeth.c.obj
[ 59%] Building CXX object externals/spirv-tools/source/opt/CMakeFiles/SPIRV-Tools-opt.dir/private_to_local_pass.cpp.obj
[ 59%] Building C object externals/sdl2/SDL/CMakeFiles/SDL2-static.dir/src/video/SDL_yuv.c.obj
[ 59%] Building C object externals/sdl2/SDL/CMakeFiles/SDL2-static.dir/src/video/yuv2rgb/yuv_rgb_lsx.c.obj
[ 59%] Building C object externals/sdl2/SDL/CMakeFiles/SDL2-static.dir/src/video/yuv2rgb/yuv_rgb_sse.c.obj
[ 59%] Building CXX object externals/spirv-tools/source/opt/CMakeFiles/SPIRV-Tools-opt.dir/reduce_load_size.cpp.obj
[ 59%] Building CXX object externals/spirv-tools/source/opt/CMakeFiles/SPIRV-Tools-opt.dir/propagator.cpp.obj
[ 59%] Building C object externals/libressl/crypto/CMakeFiles/crypto_obj.dir/dsa/dsa_prn.c.obj
[ 59%] Building C object externals/libressl/crypto/CMakeFiles/crypto_obj.dir/dso/dso_dlfcn.c.obj
[ 59%] Building C object externals/libressl/crypto/CMakeFiles/crypto_obj.dir/dso/dso_err.c.obj
[ 59%] Building C object externals/sdl2/SDL/CMakeFiles/SDL2-static.dir/src/video/yuv2rgb/yuv_rgb_std.c.obj
[ 59%] Building C object externals/sdl2/SDL/CMakeFiles/SDL2-static.dir/src/audio/dummy/SDL_dummyaudio.c.obj
[ 59%] Building CXX object externals/spirv-tools/source/opt/CMakeFiles/SPIRV-Tools-opt.dir/redundancy_elimination.cpp.obj
[ 59%] Building C object externals/sdl2/SDL/CMakeFiles/SDL2-static.dir/src/audio/disk/SDL_diskaudio.c.obj
[ 59%] Building C object externals/libressl/crypto/CMakeFiles/crypto_obj.dir/dso/dso_lib.c.obj
[ 59%] Building C object externals/libressl/crypto/CMakeFiles/crypto_obj.dir/dso/dso_null.c.obj
[ 59%] Building CXX object externals/spirv-tools/source/opt/CMakeFiles/SPIRV-Tools-opt.dir/register_pressure.cpp.obj
[ 59%] Building C object externals/sdl2/SDL/CMakeFiles/SDL2-static.dir/src/joystick/virtual/SDL_virtualjoystick.c.obj
[ 59%] Building C object externals/libressl/crypto/CMakeFiles/crypto_obj.dir/dso/dso_openssl.c.obj
[ 59%] Building C object externals/libressl/crypto/CMakeFiles/crypto_obj.dir/ec/ec_ameth.c.obj
[ 60%] Building C object externals/sdl2/SDL/CMakeFiles/SDL2-static.dir/src/video/dummy/SDL_nullevents.c.obj
[ 60%] Building CXX object externals/spirv-tools/source/opt/CMakeFiles/SPIRV-Tools-opt.dir/relax_float_ops_pass.cpp.obj
[ 60%] Building C object externals/sdl2/SDL/CMakeFiles/SDL2-static.dir/src/video/dummy/SDL_nullframebuffer.c.obj
[ 60%] Building C object externals/libressl/crypto/CMakeFiles/crypto_obj.dir/ec/ec_asn1.c.obj
[ 60%] Building C object externals/sdl2/SDL/CMakeFiles/SDL2-static.dir/src/video/dummy/SDL_nullvideo.c.obj
[ 60%] Building C object externals/libressl/crypto/CMakeFiles/crypto_obj.dir/ec/ec_check.c.obj
[ 60%] Building C object externals/sdl2/SDL/CMakeFiles/SDL2-static.dir/src/video/offscreen/SDL_offscreenevents.c.obj
[ 60%] Building C object externals/libressl/crypto/CMakeFiles/crypto_obj.dir/ec/ec_curve.c.obj
[ 60%] Building CXX object externals/spirv-tools/source/opt/CMakeFiles/SPIRV-Tools-opt.dir/remove_dontinline_pass.cpp.obj
[ 60%] Building C object externals/sdl2/SDL/CMakeFiles/SDL2-static.dir/src/video/offscreen/SDL_offscreenframebuffer.c.obj
[ 60%] Building C object externals/sdl2/SDL/CMakeFiles/SDL2-static.dir/src/video/offscreen/SDL_offscreenopengles.c.obj
[ 60%] Building C object externals/libressl/crypto/CMakeFiles/crypto_obj.dir/ec/ec_cvt.c.obj
[ 60%] Building CXX object externals/spirv-tools/source/opt/CMakeFiles/SPIRV-Tools-opt.dir/remove_duplicates_pass.cpp.obj
[ 60%] Building C object externals/sdl2/SDL/CMakeFiles/SDL2-static.dir/src/video/offscreen/SDL_offscreenvideo.c.obj
[ 60%] Building CXX object externals/spirv-tools/source/opt/CMakeFiles/SPIRV-Tools-opt.dir/replace_desc_array_access_using_var_index.cpp.obj
[ 60%] Building CXX object externals/spirv-tools/source/opt/CMakeFiles/SPIRV-Tools-opt.dir/remove_unused_interface_variables_pass.cpp.obj
[ 60%] Building C object externals/libressl/crypto/CMakeFiles/crypto_obj.dir/ec/ec_err.c.obj
[ 60%] Building C object externals/libressl/crypto/CMakeFiles/crypto_obj.dir/ec/ec_kmeth.c.obj
[ 60%] Building CXX object externals/spirv-tools/source/opt/CMakeFiles/SPIRV-Tools-opt.dir/replace_invalid_opc.cpp.obj
[ 60%] Building C object externals/libressl/crypto/CMakeFiles/crypto_obj.dir/ec/ec_key.c.obj
[ 60%] Building C object externals/sdl2/SDL/CMakeFiles/SDL2-static.dir/src/video/offscreen/SDL_offscreenwindow.c.obj
[ 60%] Building CXX object externals/spirv-tools/source/opt/CMakeFiles/SPIRV-Tools-opt.dir/resolve_binding_conflicts_pass.cpp.obj
[ 60%] Building C object externals/sdl2/SDL/CMakeFiles/SDL2-static.dir/src/core/windows/SDL_hid.c.obj
[ 60%] Building CXX object externals/spirv-tools/source/opt/CMakeFiles/SPIRV-Tools-opt.dir/scalar_analysis.cpp.obj
[ 60%] Building C object externals/libressl/crypto/CMakeFiles/crypto_obj.dir/ec/ec_lib.c.obj
[ 60%] Building CXX object externals/spirv-tools/source/opt/CMakeFiles/SPIRV-Tools-opt.dir/scalar_analysis_simplification.cpp.obj
[ 60%] Building C object externals/libressl/crypto/CMakeFiles/crypto_obj.dir/ec/ec_mult.c.obj
[ 60%] Building C object externals/libressl/crypto/CMakeFiles/crypto_obj.dir/ec/ec_oct.c.obj
[ 60%] Building CXX object externals/spirv-tools/source/opt/CMakeFiles/SPIRV-Tools-opt.dir/scalar_replacement_pass.cpp.obj
[ 60%] Building C object externals/libressl/crypto/CMakeFiles/crypto_obj.dir/ec/ec_pmeth.c.obj
[ 60%] Building C object externals/sdl2/SDL/CMakeFiles/SDL2-static.dir/src/core/windows/SDL_immdevice.c.obj
[ 60%] Building CXX object externals/spirv-tools/source/opt/CMakeFiles/SPIRV-Tools-opt.dir/set_spec_constant_default_value_pass.cpp.obj
[ 60%] Building C object externals/sdl2/SDL/CMakeFiles/SDL2-static.dir/src/core/windows/SDL_xinput.c.obj
[ 60%] Building C object externals/libressl/crypto/CMakeFiles/crypto_obj.dir/ec/ec_print.c.obj
[ 60%] Building C object externals/sdl2/SDL/CMakeFiles/SDL2-static.dir/src/core/windows/SDL_windows.c.obj
[ 60%] Building C object externals/sdl2/SDL/CMakeFiles/SDL2-static.dir/src/audio/winmm/SDL_winmm.c.obj
[ 60%] Building CXX object externals/spirv-tools/source/opt/CMakeFiles/SPIRV-Tools-opt.dir/simplification_pass.cpp.obj
[ 60%] Building C object externals/sdl2/SDL/CMakeFiles/SDL2-static.dir/src/misc/windows/SDL_sysurl.c.obj
[ 61%] Building C object externals/libressl/crypto/CMakeFiles/crypto_obj.dir/ec/eck_prn.c.obj
[ 60%] Building C object externals/sdl2/SDL/CMakeFiles/SDL2-static.dir/src/audio/directsound/SDL_directsound.c.obj
[ 61%] Building C object externals/libressl/crypto/CMakeFiles/crypto_obj.dir/ec/ecp_mont.c.obj
[ 61%] Building CXX object externals/spirv-tools/source/opt/CMakeFiles/SPIRV-Tools-opt.dir/split_combined_image_sampler_pass.cpp.obj
[ 62%] Building CXX object externals/spirv-tools/source/opt/CMakeFiles/SPIRV-Tools-opt.dir/spread_volatile_semantics.cpp.obj
[ 62%] Building C object externals/sdl2/SDL/CMakeFiles/SDL2-static.dir/src/audio/wasapi/SDL_wasapi.c.obj
[ 62%] Building C object externals/sdl2/SDL/CMakeFiles/SDL2-static.dir/src/audio/wasapi/SDL_wasapi_win32.c.obj
[ 62%] Building CXX object externals/spirv-tools/source/opt/CMakeFiles/SPIRV-Tools-opt.dir/ssa_rewrite_pass.cpp.obj
[ 62%] Building CXX object externals/spirv-tools/source/opt/CMakeFiles/SPIRV-Tools-opt.dir/strength_reduction_pass.cpp.obj
[ 62%] Building C object externals/libressl/crypto/CMakeFiles/crypto_obj.dir/ec/ecp_oct.c.obj
[ 62%] Building C object externals/sdl2/SDL/CMakeFiles/SDL2-static.dir/src/video/windows/SDL_windowsclipboard.c.obj
[ 62%] Building C object externals/libressl/crypto/CMakeFiles/crypto_obj.dir/ec/ecp_smpl.c.obj
[ 62%] Building CXX object externals/spirv-tools/source/opt/CMakeFiles/SPIRV-Tools-opt.dir/strip_debug_info_pass.cpp.obj
[ 62%] Building CXX object externals/spirv-tools/source/opt/CMakeFiles/SPIRV-Tools-opt.dir/strip_nonsemantic_info_pass.cpp.obj
[ 62%] Building C object externals/sdl2/SDL/CMakeFiles/SDL2-static.dir/src/video/windows/SDL_windowsevents.c.obj
[ 62%] Building CXX object externals/spirv-tools/source/opt/CMakeFiles/SPIRV-Tools-opt.dir/struct_cfg_analysis.cpp.obj
[ 62%] Building C object externals/libressl/crypto/CMakeFiles/crypto_obj.dir/ec/ecx_methods.c.obj
[ 62%] Building C object externals/sdl2/SDL/CMakeFiles/SDL2-static.dir/src/video/windows/SDL_windowsframebuffer.c.obj
[ 62%] Building C object externals/libressl/crypto/CMakeFiles/crypto_obj.dir/ecdh/ecdh_kdf.c.obj
[ 62%] Building CXX object externals/spirv-tools/source/opt/CMakeFiles/SPIRV-Tools-opt.dir/struct_packing_pass.cpp.obj
[ 62%] Building CXX object externals/spirv-tools/source/opt/CMakeFiles/SPIRV-Tools-opt.dir/switch_descriptorset_pass.cpp.obj
[ 62%] Building C object externals/sdl2/SDL/CMakeFiles/SDL2-static.dir/src/video/windows/SDL_windowskeyboard.c.obj
[ 62%] Building C object externals/sdl2/SDL/CMakeFiles/SDL2-static.dir/src/video/windows/SDL_windowsmessagebox.c.obj
[ 62%] Building C object externals/libressl/crypto/CMakeFiles/crypto_obj.dir/ecdh/ech_err.c.obj
[ 62%] Building C object externals/sdl2/SDL/CMakeFiles/SDL2-static.dir/src/video/windows/SDL_windowsmodes.c.obj
[ 62%] Building CXX object externals/spirv-tools/source/opt/CMakeFiles/SPIRV-Tools-opt.dir/trim_capabilities_pass.cpp.obj
[ 62%] Building C object externals/libressl/crypto/CMakeFiles/crypto_obj.dir/ecdh/ech_key.c.obj
[ 62%] Building C object externals/sdl2/SDL/CMakeFiles/SDL2-static.dir/src/video/windows/SDL_windowsmouse.c.obj
[ 62%] Building CXX object externals/spirv-tools/source/opt/CMakeFiles/SPIRV-Tools-opt.dir/type_manager.cpp.obj
[ 63%] Building C object externals/libressl/crypto/CMakeFiles/crypto_obj.dir/ecdh/ech_lib.c.obj
[ 63%] Building CXX object externals/spirv-tools/source/opt/CMakeFiles/SPIRV-Tools-opt.dir/types.cpp.obj
[ 63%] Building C object externals/sdl2/SDL/CMakeFiles/SDL2-static.dir/src/video/windows/SDL_windowsopengl.c.obj
[ 63%] Building C object externals/libressl/crypto/CMakeFiles/crypto_obj.dir/ecdsa/ecs_asn1.c.obj
[ 63%] Building C object externals/libressl/crypto/CMakeFiles/crypto_obj.dir/ecdsa/ecs_err.c.obj
[ 63%] Building CXX object externals/spirv-tools/source/opt/CMakeFiles/SPIRV-Tools-opt.dir/unify_const_pass.cpp.obj
[ 63%] Building C object externals/libressl/crypto/CMakeFiles/crypto_obj.dir/ecdsa/ecs_lib.c.obj
[ 63%] Building C object externals/sdl2/SDL/CMakeFiles/SDL2-static.dir/src/video/windows/SDL_windowsshape.c.obj
[ 63%] Building CXX object externals/spirv-tools/source/opt/CMakeFiles/SPIRV-Tools-opt.dir/upgrade_memory_model.cpp.obj
[ 63%] Building C object externals/sdl2/SDL/CMakeFiles/SDL2-static.dir/src/video/windows/SDL_windowsopengles.c.obj
[ 63%] Building C object externals/sdl2/SDL/CMakeFiles/SDL2-static.dir/src/video/windows/SDL_windowsvideo.c.obj
[ 63%] Building CXX object externals/spirv-tools/source/opt/CMakeFiles/SPIRV-Tools-opt.dir/value_number_table.cpp.obj
[ 63%] Building C object externals/sdl2/SDL/CMakeFiles/SDL2-static.dir/src/video/windows/SDL_windowsvulkan.c.obj
[ 63%] Building C object externals/libressl/crypto/CMakeFiles/crypto_obj.dir/ecdsa/ecs_ossl.c.obj
[ 63%] Building C object externals/libressl/crypto/CMakeFiles/crypto_obj.dir/engine/eng_all.c.obj
[ 63%] Building CXX object externals/spirv-tools/source/opt/CMakeFiles/SPIRV-Tools-opt.dir/vector_dce.cpp.obj
[ 63%] Building C object externals/libressl/crypto/CMakeFiles/crypto_obj.dir/engine/eng_cnf.c.obj
[ 63%] Building CXX object externals/spirv-tools/source/opt/CMakeFiles/SPIRV-Tools-opt.dir/wrap_opkill.cpp.obj
[ 63%] Building C object externals/sdl2/SDL/CMakeFiles/SDL2-static.dir/src/video/windows/SDL_windowswindow.c.obj
[ 63%] Building CXX object externals/spirv-tools/source/opt/CMakeFiles/SPIRV-Tools-opt.dir/workaround1209.cpp.obj
[ 63%] Building C object externals/sdl2/SDL/CMakeFiles/SDL2-static.dir/src/thread/generic/SDL_syscond.c.obj
[ 63%] Building C object externals/libressl/crypto/CMakeFiles/crypto_obj.dir/engine/eng_ctrl.c.obj
[ 63%] Building C object externals/libressl/crypto/CMakeFiles/crypto_obj.dir/engine/eng_dyn.c.obj
[ 63%] Building C object externals/sdl2/SDL/CMakeFiles/SDL2-static.dir/src/thread/windows/SDL_syscond_cv.c.obj
[ 63%] Building C object externals/libressl/crypto/CMakeFiles/crypto_obj.dir/engine/eng_err.c.obj
[ 63%] Building C object externals/sdl2/SDL/CMakeFiles/SDL2-static.dir/src/thread/windows/SDL_sysmutex.c.obj
[ 63%] Building C object externals/libressl/crypto/CMakeFiles/crypto_obj.dir/engine/eng_init.c.obj
[ 63%] Building C object externals/sdl2/SDL/CMakeFiles/SDL2-static.dir/src/thread/windows/SDL_syssem.c.obj
[ 63%] Building C object externals/libressl/crypto/CMakeFiles/crypto_obj.dir/engine/eng_lib.c.obj
[ 63%] Building C object externals/libressl/crypto/CMakeFiles/crypto_obj.dir/engine/eng_fat.c.obj
[ 63%] Building C object externals/sdl2/SDL/CMakeFiles/SDL2-static.dir/src/thread/windows/SDL_systhread.c.obj
[ 63%] Building C object externals/libressl/crypto/CMakeFiles/crypto_obj.dir/engine/eng_openssl.c.obj
[ 63%] Building C object externals/libressl/crypto/CMakeFiles/crypto_obj.dir/engine/eng_list.c.obj
[ 63%] Building C object externals/sdl2/SDL/CMakeFiles/SDL2-static.dir/src/timer/windows/SDL_systimer.c.obj
[ 63%] Building C object externals/libressl/crypto/CMakeFiles/crypto_obj.dir/engine/eng_pkey.c.obj
[ 63%] Building C object externals/sdl2/SDL/CMakeFiles/SDL2-static.dir/src/thread/windows/SDL_systls.c.obj
[ 64%] Building C object externals/libressl/crypto/CMakeFiles/crypto_obj.dir/engine/eng_table.c.obj
[ 64%] Building C object externals/sdl2/SDL/CMakeFiles/SDL2-static.dir/src/loadso/windows/SDL_sysloadso.c.obj
[ 64%] Building C object externals/sdl2/SDL/CMakeFiles/SDL2-static.dir/src/joystick/hidapi/SDL_hidapi_combined.c.obj
[ 64%] Building C object externals/libressl/crypto/CMakeFiles/crypto_obj.dir/engine/tb_asnmth.c.obj
[ 64%] Building C object externals/sdl2/SDL/CMakeFiles/SDL2-static.dir/src/joystick/hidapi/SDL_hidapi_gamecube.c.obj
[ 64%] Building C object externals/libressl/crypto/CMakeFiles/crypto_obj.dir/engine/tb_cipher.c.obj
[ 64%] Building C object externals/sdl2/SDL/CMakeFiles/SDL2-static.dir/src/joystick/hidapi/SDL_hidapi_luna.c.obj
[ 64%] Building C object externals/libressl/crypto/CMakeFiles/crypto_obj.dir/engine/tb_dh.c.obj
[ 64%] Building C object externals/libressl/crypto/CMakeFiles/crypto_obj.dir/engine/tb_dsa.c.obj
[ 64%] Building C object externals/libressl/crypto/CMakeFiles/crypto_obj.dir/engine/tb_digest.c.obj
[ 64%] Building C object externals/sdl2/SDL/CMakeFiles/SDL2-static.dir/src/joystick/hidapi/SDL_hidapi_ps3.c.obj
[ 64%] Building C object externals/sdl2/SDL/CMakeFiles/SDL2-static.dir/src/joystick/hidapi/SDL_hidapi_ps4.c.obj
[ 64%] Building C object externals/sdl2/SDL/CMakeFiles/SDL2-static.dir/src/joystick/hidapi/SDL_hidapi_rumble.c.obj
[ 64%] Building C object externals/sdl2/SDL/CMakeFiles/SDL2-static.dir/src/joystick/hidapi/SDL_hidapi_ps5.c.obj
[ 64%] Building C object externals/libressl/crypto/CMakeFiles/crypto_obj.dir/engine/tb_ecdh.c.obj
[ 64%] Building C object externals/sdl2/SDL/CMakeFiles/SDL2-static.dir/src/joystick/hidapi/SDL_hidapi_stadia.c.obj
[ 64%] Building C object externals/sdl2/SDL/CMakeFiles/SDL2-static.dir/src/joystick/hidapi/SDL_hidapi_shield.c.obj
[ 64%] Linking CXX static library libSPIRV-Tools-opt.a
[ 64%] Building C object externals/libressl/crypto/CMakeFiles/crypto_obj.dir/engine/tb_ecdsa.c.obj
[ 64%] Building C object externals/sdl2/SDL/CMakeFiles/SDL2-static.dir/src/joystick/hidapi/SDL_hidapi_steam.c.obj
[ 64%] Building C object externals/libressl/crypto/CMakeFiles/crypto_obj.dir/engine/tb_eckey.c.obj
[ 64%] Building C object externals/libressl/crypto/CMakeFiles/crypto_obj.dir/engine/tb_pkmeth.c.obj
[ 64%] Building C object externals/sdl2/SDL/CMakeFiles/SDL2-static.dir/src/joystick/hidapi/SDL_hidapi_steamdeck.c.obj
[ 64%] Building C object externals/libressl/crypto/CMakeFiles/crypto_obj.dir/engine/tb_rand.c.obj
[ 64%] Building C object externals/sdl2/SDL/CMakeFiles/SDL2-static.dir/src/joystick/hidapi/SDL_hidapi_wii.c.obj
[ 65%] Building C object externals/sdl2/SDL/CMakeFiles/SDL2-static.dir/src/joystick/hidapi/SDL_hidapi_switch.c.obj
[ 65%] Building C object externals/libressl/crypto/CMakeFiles/crypto_obj.dir/engine/tb_rsa.c.obj
[ 65%] Building C object externals/sdl2/SDL/CMakeFiles/SDL2-static.dir/src/joystick/hidapi/SDL_hidapi_xbox360.c.obj
[ 65%] Building C object externals/libressl/crypto/CMakeFiles/crypto_obj.dir/engine/tb_store.c.obj
[ 65%] Building C object externals/sdl2/SDL/CMakeFiles/SDL2-static.dir/src/joystick/hidapi/SDL_hidapi_xbox360w.c.obj
[ 65%] Building C object externals/libressl/crypto/CMakeFiles/crypto_obj.dir/err/err.c.obj
[ 65%] Building C object externals/libressl/crypto/CMakeFiles/crypto_obj.dir/err/err_all.c.obj
[ 65%] Building C object externals/sdl2/SDL/CMakeFiles/SDL2-static.dir/src/joystick/hidapi/SDL_hidapi_xboxone.c.obj
[ 65%] Building C object externals/libressl/crypto/CMakeFiles/crypto_obj.dir/err/err_prn.c.obj
[ 65%] Building C object externals/sdl2/SDL/CMakeFiles/SDL2-static.dir/src/joystick/hidapi/SDL_hidapijoystick.c.obj
[ 65%] Building C object externals/libressl/crypto/CMakeFiles/crypto_obj.dir/evp/bio_b64.c.obj
[ 65%] Building C object externals/sdl2/SDL/CMakeFiles/SDL2-static.dir/src/joystick/windows/SDL_dinputjoystick.c.obj
[ 65%] Building C object externals/libressl/crypto/CMakeFiles/crypto_obj.dir/evp/bio_enc.c.obj
[ 65%] Building C object externals/sdl2/SDL/CMakeFiles/SDL2-static.dir/src/joystick/windows/SDL_rawinputjoystick.c.obj
[ 65%] Building C object externals/sdl2/SDL/CMakeFiles/SDL2-static.dir/src/joystick/windows/SDL_windows_gaming_input.c.obj
[ 65%] Building C object externals/libressl/crypto/CMakeFiles/crypto_obj.dir/evp/bio_md.c.obj
[ 65%] Building C object externals/sdl2/SDL/CMakeFiles/SDL2-static.dir/src/joystick/windows/SDL_windowsjoystick.c.obj
[ 65%] Building C object externals/libressl/crypto/CMakeFiles/crypto_obj.dir/evp/c_all.c.obj
[ 65%] Building C object externals/sdl2/SDL/CMakeFiles/SDL2-static.dir/src/haptic/dummy/SDL_syshaptic.c.obj
[ 65%] Building C object externals/sdl2/SDL/CMakeFiles/SDL2-static.dir/src/joystick/windows/SDL_xinputjoystick.c.obj
[ 65%] Building C object externals/libressl/crypto/CMakeFiles/crypto_obj.dir/evp/digest.c.obj
[ 65%] Building C object externals/sdl2/SDL/CMakeFiles/SDL2-static.dir/src/sensor/dummy/SDL_dummysensor.c.obj
[ 65%] Building C object externals/sdl2/SDL/CMakeFiles/SDL2-static.dir/src/locale/dummy/SDL_syslocale.c.obj
[ 65%] Building C object externals/libressl/crypto/CMakeFiles/crypto_obj.dir/evp/e_aes_cbc_hmac_sha1.c.obj
[ 65%] Building C object externals/libressl/crypto/CMakeFiles/crypto_obj.dir/evp/cipher_method_lib.c.obj
[ 65%] Building C object externals/libressl/crypto/CMakeFiles/crypto_obj.dir/evp/e_aes.c.obj
[ 65%] Building C object externals/sdl2/SDL/CMakeFiles/SDL2-static.dir/src/filesystem/dummy/SDL_sysfilesystem.c.obj
[ 67%] Building C object externals/libressl/crypto/CMakeFiles/crypto_obj.dir/evp/e_bf.c.obj
[ 67%] Building C object externals/libressl/crypto/CMakeFiles/crypto_obj.dir/evp/e_camellia.c.obj
[ 67%] Building C object externals/libressl/crypto/CMakeFiles/crypto_obj.dir/evp/e_cast.c.obj
[ 67%] Building C object externals/libressl/crypto/CMakeFiles/crypto_obj.dir/evp/e_chacha.c.obj
[ 67%] Building C object externals/libressl/crypto/CMakeFiles/crypto_obj.dir/evp/e_chacha20poly1305.c.obj
[ 67%] Building C object externals/libressl/crypto/CMakeFiles/crypto_obj.dir/evp/e_des.c.obj
[ 67%] Building C object externals/libressl/crypto/CMakeFiles/crypto_obj.dir/evp/e_des3.c.obj
[ 67%] Building C object externals/libressl/crypto/CMakeFiles/crypto_obj.dir/evp/e_gost2814789.c.obj
[ 67%] Building C object externals/libressl/crypto/CMakeFiles/crypto_obj.dir/evp/e_idea.c.obj
[ 67%] Building C object externals/libressl/crypto/CMakeFiles/crypto_obj.dir/evp/e_rc2.c.obj
[ 67%] Building C object externals/libressl/crypto/CMakeFiles/crypto_obj.dir/evp/e_rc4.c.obj
[ 67%] Building C object externals/libressl/crypto/CMakeFiles/crypto_obj.dir/evp/e_null.c.obj
[ 67%] Building C object externals/libressl/crypto/CMakeFiles/crypto_obj.dir/evp/e_rc4_hmac_md5.c.obj
[ 67%] Building C object externals/libressl/crypto/CMakeFiles/crypto_obj.dir/evp/e_sm4.c.obj
[ 67%] Building C object externals/libressl/crypto/CMakeFiles/crypto_obj.dir/evp/e_xcbc_d.c.obj
[ 67%] Building C object externals/libressl/crypto/CMakeFiles/crypto_obj.dir/evp/encode.c.obj
[ 67%] Building C object externals/libressl/crypto/CMakeFiles/crypto_obj.dir/evp/evp_enc.c.obj
[ 67%] Building C object externals/libressl/crypto/CMakeFiles/crypto_obj.dir/evp/evp_aead.c.obj
[ 67%] Building C object externals/libressl/crypto/CMakeFiles/crypto_obj.dir/evp/evp_err.c.obj
[ 67%] Building C object externals/libressl/crypto/CMakeFiles/crypto_obj.dir/evp/evp_key.c.obj
[ 67%] Building C object externals/libressl/crypto/CMakeFiles/crypto_obj.dir/evp/evp_lib.c.obj
[ 67%] Linking C static library libSDL2.a
[ 67%] Building C object externals/libressl/crypto/CMakeFiles/crypto_obj.dir/evp/evp_pbe.c.obj
[ 67%] Building C object externals/libressl/crypto/CMakeFiles/crypto_obj.dir/evp/evp_pkey.c.obj
[ 67%] Building C object externals/libressl/crypto/CMakeFiles/crypto_obj.dir/evp/m_gost2814789.c.obj
[ 68%] Building C object externals/libressl/crypto/CMakeFiles/crypto_obj.dir/evp/m_gostr341194.c.obj
[ 68%] Building C object externals/libressl/crypto/CMakeFiles/crypto_obj.dir/evp/m_md5.c.obj
[ 68%] Building C object externals/libressl/crypto/CMakeFiles/crypto_obj.dir/evp/m_md4.c.obj
[ 68%] Building C object externals/libressl/crypto/CMakeFiles/crypto_obj.dir/evp/m_null.c.obj
[ 68%] Building C object externals/libressl/crypto/CMakeFiles/crypto_obj.dir/evp/m_md5_sha1.c.obj
[ 68%] Building C object externals/libressl/crypto/CMakeFiles/crypto_obj.dir/evp/m_ripemd.c.obj
[ 68%] Building C object externals/libressl/crypto/CMakeFiles/crypto_obj.dir/evp/m_sha1.c.obj
[ 68%] Building C object externals/libressl/crypto/CMakeFiles/crypto_obj.dir/evp/m_sha3.c.obj
[ 68%] Building C object externals/libressl/crypto/CMakeFiles/crypto_obj.dir/evp/m_sigver.c.obj
[ 68%] Building C object externals/libressl/crypto/CMakeFiles/crypto_obj.dir/evp/m_streebog.c.obj
[ 68%] Building C object externals/libressl/crypto/CMakeFiles/crypto_obj.dir/evp/m_sm3.c.obj
[ 68%] Building C object externals/libressl/crypto/CMakeFiles/crypto_obj.dir/evp/m_wp.c.obj
[ 68%] Building C object externals/libressl/crypto/CMakeFiles/crypto_obj.dir/evp/names.c.obj
[ 68%] Building C object externals/libressl/crypto/CMakeFiles/crypto_obj.dir/evp/p5_crpt.c.obj
[ 68%] Building C object externals/libressl/crypto/CMakeFiles/crypto_obj.dir/evp/p5_crpt2.c.obj
[ 68%] Building C object externals/libressl/crypto/CMakeFiles/crypto_obj.dir/evp/p_dec.c.obj
[ 68%] Building C object externals/libressl/crypto/CMakeFiles/crypto_obj.dir/evp/p_lib.c.obj
[ 68%] Building C object externals/libressl/crypto/CMakeFiles/crypto_obj.dir/evp/p_enc.c.obj
[ 68%] Building C object externals/libressl/crypto/CMakeFiles/crypto_obj.dir/evp/p_open.c.obj
[ 68%] Building C object externals/libressl/crypto/CMakeFiles/crypto_obj.dir/evp/p_seal.c.obj
[ 68%] Building C object externals/libressl/crypto/CMakeFiles/crypto_obj.dir/evp/p_sign.c.obj
[ 68%] Building C object externals/libressl/crypto/CMakeFiles/crypto_obj.dir/evp/pmeth_fn.c.obj
[ 68%] Building C object externals/libressl/crypto/CMakeFiles/crypto_obj.dir/evp/pmeth_gn.c.obj
[ 68%] Building C object externals/libressl/crypto/CMakeFiles/crypto_obj.dir/evp/p_verify.c.obj
[ 69%] Building C object externals/libressl/crypto/CMakeFiles/crypto_obj.dir/evp/pmeth_lib.c.obj
[ 69%] Building C object externals/libressl/crypto/CMakeFiles/crypto_obj.dir/gost/gost2814789.c.obj
[ 69%] Building C object externals/libressl/crypto/CMakeFiles/crypto_obj.dir/gost/gost89imit_ameth.c.obj
[ 69%] Building C object externals/libressl/crypto/CMakeFiles/crypto_obj.dir/gost/gost89_params.c.obj
[ 69%] Building C object externals/libressl/crypto/CMakeFiles/crypto_obj.dir/gost/gost89_keywrap.c.obj
[ 69%] Building C object externals/libressl/crypto/CMakeFiles/crypto_obj.dir/gost/gost89imit_pmeth.c.obj
[ 69%] Building C object externals/libressl/crypto/CMakeFiles/crypto_obj.dir/gost/gost_asn1.c.obj
[ 69%] Building C object externals/libressl/crypto/CMakeFiles/crypto_obj.dir/gost/gost_err.c.obj
[ 69%] Building C object externals/libressl/crypto/CMakeFiles/crypto_obj.dir/gost/gostr341001.c.obj
[ 69%] Building C object externals/libressl/crypto/CMakeFiles/crypto_obj.dir/gost/gostr341001_ameth.c.obj
[ 69%] Building C object externals/libressl/crypto/CMakeFiles/crypto_obj.dir/gost/gostr341001_key.c.obj
[ 69%] Building C object externals/libressl/crypto/CMakeFiles/crypto_obj.dir/gost/gostr341001_params.c.obj
[ 69%] Building C object externals/libressl/crypto/CMakeFiles/crypto_obj.dir/gost/gostr341001_pmeth.c.obj
[ 69%] Building C object externals/libressl/crypto/CMakeFiles/crypto_obj.dir/gost/gostr341194.c.obj
[ 69%] Building C object externals/libressl/crypto/CMakeFiles/crypto_obj.dir/gost/streebog.c.obj
[ 69%] Building C object externals/libressl/crypto/CMakeFiles/crypto_obj.dir/hkdf/hkdf.c.obj
[ 69%] Building C object externals/libressl/crypto/CMakeFiles/crypto_obj.dir/hmac/hm_pmeth.c.obj
[ 69%] Building C object externals/libressl/crypto/CMakeFiles/crypto_obj.dir/hmac/hm_ameth.c.obj
[ 69%] Building C object externals/libressl/crypto/CMakeFiles/crypto_obj.dir/hmac/hmac.c.obj
[ 69%] Building C object externals/libressl/crypto/CMakeFiles/crypto_obj.dir/idea/i_cbc.c.obj
[ 69%] Building C object externals/libressl/crypto/CMakeFiles/crypto_obj.dir/idea/i_cfb64.c.obj
[ 69%] Building C object externals/libressl/crypto/CMakeFiles/crypto_obj.dir/idea/i_ofb64.c.obj
[ 69%] Building C object externals/libressl/crypto/CMakeFiles/crypto_obj.dir/idea/i_ecb.c.obj
[ 69%] Building C object externals/libressl/crypto/CMakeFiles/crypto_obj.dir/kdf/hkdf_evp.c.obj
[ 69%] Building C object externals/libressl/crypto/CMakeFiles/crypto_obj.dir/idea/i_skey.c.obj
[ 70%] Building C object externals/libressl/crypto/CMakeFiles/crypto_obj.dir/kdf/kdf_err.c.obj
[ 70%] Building C object externals/libressl/crypto/CMakeFiles/crypto_obj.dir/lhash/lh_stats.c.obj
[ 70%] Building C object externals/libressl/crypto/CMakeFiles/crypto_obj.dir/lhash/lhash.c.obj
[ 70%] Building C object externals/libressl/crypto/CMakeFiles/crypto_obj.dir/md4/md4_dgst.c.obj
[ 70%] Building C object externals/libressl/crypto/CMakeFiles/crypto_obj.dir/md5/md5_dgst.c.obj
[ 70%] Building C object externals/libressl/crypto/CMakeFiles/crypto_obj.dir/md4/md4_one.c.obj
[ 70%] Building C object externals/libressl/crypto/CMakeFiles/crypto_obj.dir/md5/md5_one.c.obj
[ 70%] Building C object externals/libressl/crypto/CMakeFiles/crypto_obj.dir/modes/cbc128.c.obj
[ 70%] Building C object externals/libressl/crypto/CMakeFiles/crypto_obj.dir/modes/ccm128.c.obj
[ 70%] Building C object externals/libressl/crypto/CMakeFiles/crypto_obj.dir/modes/cfb128.c.obj
[ 70%] Building C object externals/libressl/crypto/CMakeFiles/crypto_obj.dir/modes/ctr128.c.obj
[ 70%] Building C object externals/libressl/crypto/CMakeFiles/crypto_obj.dir/modes/gcm128.c.obj
[ 70%] Building C object externals/libressl/crypto/CMakeFiles/crypto_obj.dir/modes/ofb128.c.obj
[ 70%] Building C object externals/libressl/crypto/CMakeFiles/crypto_obj.dir/objects/o_names.c.obj
[ 70%] Building C object externals/libressl/crypto/CMakeFiles/crypto_obj.dir/modes/xts128.c.obj
[ 70%] Building C object externals/libressl/crypto/CMakeFiles/crypto_obj.dir/objects/obj_dat.c.obj
[ 70%] Building C object externals/libressl/crypto/CMakeFiles/crypto_obj.dir/objects/obj_err.c.obj
[ 70%] Building C object externals/libressl/crypto/CMakeFiles/crypto_obj.dir/objects/obj_lib.c.obj
[ 70%] Building C object externals/libressl/crypto/CMakeFiles/crypto_obj.dir/objects/obj_xref.c.obj
[ 70%] Building C object externals/libressl/crypto/CMakeFiles/crypto_obj.dir/ocsp/ocsp_asn.c.obj
[ 70%] Building C object externals/libressl/crypto/CMakeFiles/crypto_obj.dir/ocsp/ocsp_cl.c.obj
[ 70%] Building C object externals/libressl/crypto/CMakeFiles/crypto_obj.dir/ocsp/ocsp_err.c.obj
[ 70%] Building C object externals/libressl/crypto/CMakeFiles/crypto_obj.dir/ocsp/ocsp_ext.c.obj
[ 70%] Building C object externals/libressl/crypto/CMakeFiles/crypto_obj.dir/ocsp/ocsp_ht.c.obj
[ 71%] Building C object externals/libressl/crypto/CMakeFiles/crypto_obj.dir/ocsp/ocsp_lib.c.obj
[ 71%] Building C object externals/libressl/crypto/CMakeFiles/crypto_obj.dir/ocsp/ocsp_prn.c.obj
[ 71%] Building C object externals/libressl/crypto/CMakeFiles/crypto_obj.dir/ocsp/ocsp_srv.c.obj
[ 71%] Building C object externals/libressl/crypto/CMakeFiles/crypto_obj.dir/ocsp/ocsp_vfy.c.obj
[ 71%] Building C object externals/libressl/crypto/CMakeFiles/crypto_obj.dir/pem/pem_all.c.obj
[ 71%] Building C object externals/libressl/crypto/CMakeFiles/crypto_obj.dir/pem/pem_err.c.obj
[ 71%] Building C object externals/libressl/crypto/CMakeFiles/crypto_obj.dir/pem/pem_info.c.obj
[ 71%] Building C object externals/libressl/crypto/CMakeFiles/crypto_obj.dir/pem/pem_oth.c.obj
[ 71%] Building C object externals/libressl/crypto/CMakeFiles/crypto_obj.dir/pem/pem_lib.c.obj
[ 71%] Building C object externals/libressl/crypto/CMakeFiles/crypto_obj.dir/pem/pem_pk8.c.obj
[ 71%] Building C object externals/libressl/crypto/CMakeFiles/crypto_obj.dir/pem/pem_pkey.c.obj
[ 71%] Building C object externals/libressl/crypto/CMakeFiles/crypto_obj.dir/pem/pem_x509.c.obj
[ 71%] Building C object externals/libressl/crypto/CMakeFiles/crypto_obj.dir/pem/pem_sign.c.obj
[ 71%] Building C object externals/libressl/crypto/CMakeFiles/crypto_obj.dir/pkcs12/p12_add.c.obj
[ 71%] Building C object externals/libressl/crypto/CMakeFiles/crypto_obj.dir/pem/pem_xaux.c.obj
[ 71%] Building C object externals/libressl/crypto/CMakeFiles/crypto_obj.dir/pem/pvkfmt.c.obj
[ 71%] Building C object externals/libressl/crypto/CMakeFiles/crypto_obj.dir/pkcs12/p12_attr.c.obj
[ 71%] Building C object externals/libressl/crypto/CMakeFiles/crypto_obj.dir/pkcs12/p12_asn.c.obj
[ 71%] Building C object externals/libressl/crypto/CMakeFiles/crypto_obj.dir/pkcs12/p12_crpt.c.obj
[ 71%] Building C object externals/libressl/crypto/CMakeFiles/crypto_obj.dir/pkcs12/p12_crt.c.obj
[ 71%] Building C object externals/libressl/crypto/CMakeFiles/crypto_obj.dir/pkcs12/p12_decr.c.obj
[ 71%] Building C object externals/libressl/crypto/CMakeFiles/crypto_obj.dir/pkcs12/p12_init.c.obj
[ 71%] Building C object externals/libressl/crypto/CMakeFiles/crypto_obj.dir/pkcs12/p12_key.c.obj
[ 71%] Building C object externals/libressl/crypto/CMakeFiles/crypto_obj.dir/pkcs12/p12_kiss.c.obj
[ 72%] Building C object externals/libressl/crypto/CMakeFiles/crypto_obj.dir/pkcs12/p12_mutl.c.obj
[ 72%] Building C object externals/libressl/crypto/CMakeFiles/crypto_obj.dir/pkcs12/p12_npas.c.obj
[ 72%] Building C object externals/libressl/crypto/CMakeFiles/crypto_obj.dir/pkcs12/p12_p8d.c.obj
[ 72%] Building C object externals/libressl/crypto/CMakeFiles/crypto_obj.dir/pkcs12/p12_p8e.c.obj
[ 72%] Building C object externals/libressl/crypto/CMakeFiles/crypto_obj.dir/pkcs12/p12_sbag.c.obj
[ 72%] Building C object externals/libressl/crypto/CMakeFiles/crypto_obj.dir/pkcs12/pk12err.c.obj
[ 72%] Building C object externals/libressl/crypto/CMakeFiles/crypto_obj.dir/pkcs12/p12_utl.c.obj
[ 72%] Building C object externals/libressl/crypto/CMakeFiles/crypto_obj.dir/pkcs7/pk7_asn1.c.obj
[ 72%] Building C object externals/libressl/crypto/CMakeFiles/crypto_obj.dir/pkcs7/pk7_attr.c.obj
[ 72%] Building C object externals/libressl/crypto/CMakeFiles/crypto_obj.dir/pkcs7/pk7_lib.c.obj
[ 72%] Building C object externals/libressl/crypto/CMakeFiles/crypto_obj.dir/pkcs7/pk7_doit.c.obj
[ 72%] Building C object externals/libressl/crypto/CMakeFiles/crypto_obj.dir/pkcs7/pk7_mime.c.obj
[ 72%] Building C object externals/libressl/crypto/CMakeFiles/crypto_obj.dir/pkcs7/pk7_smime.c.obj
[ 72%] Building C object externals/libressl/crypto/CMakeFiles/crypto_obj.dir/pkcs7/pkcs7err.c.obj
[ 72%] Building C object externals/libressl/crypto/CMakeFiles/crypto_obj.dir/poly1305/poly1305.c.obj
[ 72%] Building C object externals/libressl/crypto/CMakeFiles/crypto_obj.dir/rand/rand_err.c.obj
[ 72%] Building C object externals/libressl/crypto/CMakeFiles/crypto_obj.dir/rand/rand_lib.c.obj
[ 72%] Building C object externals/libressl/crypto/CMakeFiles/crypto_obj.dir/rand/randfile.c.obj
[ 72%] Building C object externals/libressl/crypto/CMakeFiles/crypto_obj.dir/rc2/rc2_cbc.c.obj
[ 72%] Building C object externals/libressl/crypto/CMakeFiles/crypto_obj.dir/rc2/rc2_ecb.c.obj
[ 72%] Building C object externals/libressl/crypto/CMakeFiles/crypto_obj.dir/rc2/rc2cfb64.c.obj
[ 72%] Building C object externals/libressl/crypto/CMakeFiles/crypto_obj.dir/rc2/rc2_skey.c.obj
[ 72%] Building C object externals/libressl/crypto/CMakeFiles/crypto_obj.dir/rc2/rc2ofb64.c.obj
[ 72%] Building C object externals/libressl/crypto/CMakeFiles/crypto_obj.dir/rsa/rsa_asn1.c.obj
[ 72%] Building C object externals/libressl/crypto/CMakeFiles/crypto_obj.dir/rsa/rsa_ameth.c.obj
[ 73%] Building C object externals/libressl/crypto/CMakeFiles/crypto_obj.dir/ripemd/rmd_dgst.c.obj
[ 73%] Building C object externals/libressl/crypto/CMakeFiles/crypto_obj.dir/ripemd/rmd_one.c.obj
[ 73%] Building C object externals/libressl/crypto/CMakeFiles/crypto_obj.dir/rsa/rsa_chk.c.obj
[ 73%] Building C object externals/libressl/crypto/CMakeFiles/crypto_obj.dir/rsa/rsa_crpt.c.obj
[ 73%] Building C object externals/libressl/crypto/CMakeFiles/crypto_obj.dir/rsa/rsa_err.c.obj
[ 73%] Building C object externals/libressl/crypto/CMakeFiles/crypto_obj.dir/rsa/rsa_eay.c.obj
[ 73%] Building C object externals/libressl/crypto/CMakeFiles/crypto_obj.dir/rsa/rsa_gen.c.obj
[ 73%] Building C object externals/libressl/crypto/CMakeFiles/crypto_obj.dir/rsa/rsa_lib.c.obj
[ 73%] Building C object externals/libressl/crypto/CMakeFiles/crypto_obj.dir/rsa/rsa_meth.c.obj
[ 73%] Building C object externals/libressl/crypto/CMakeFiles/crypto_obj.dir/rsa/rsa_none.c.obj
[ 73%] Building C object externals/libressl/crypto/CMakeFiles/crypto_obj.dir/rsa/rsa_oaep.c.obj
[ 73%] Building C object externals/libressl/crypto/CMakeFiles/crypto_obj.dir/rsa/rsa_pk1.c.obj
[ 73%] Building C object externals/libressl/crypto/CMakeFiles/crypto_obj.dir/rsa/rsa_prn.c.obj
[ 73%] Building C object externals/libressl/crypto/CMakeFiles/crypto_obj.dir/rsa/rsa_pss.c.obj
[ 73%] Building C object externals/libressl/crypto/CMakeFiles/crypto_obj.dir/rsa/rsa_pmeth.c.obj
[ 73%] Building C object externals/libressl/crypto/CMakeFiles/crypto_obj.dir/rsa/rsa_saos.c.obj
[ 73%] Building C object externals/libressl/crypto/CMakeFiles/crypto_obj.dir/rsa/rsa_sign.c.obj
[ 73%] Building C object externals/libressl/crypto/CMakeFiles/crypto_obj.dir/rsa/rsa_x931.c.obj
[ 73%] Building C object externals/libressl/crypto/CMakeFiles/crypto_obj.dir/sha/sha1.c.obj
[ 73%] Building C object externals/libressl/crypto/CMakeFiles/crypto_obj.dir/sha/sha3.c.obj
[ 73%] Building C object externals/libressl/crypto/CMakeFiles/crypto_obj.dir/sha/sha256.c.obj
[ 73%] Building C object externals/libressl/crypto/CMakeFiles/crypto_obj.dir/sha/sha512.c.obj
[ 73%] Building C object externals/libressl/crypto/CMakeFiles/crypto_obj.dir/sm3/sm3.c.obj
[ 75%] Building C object externals/libressl/crypto/CMakeFiles/crypto_obj.dir/sm4/sm4.c.obj
[ 75%] Building C object externals/libressl/crypto/CMakeFiles/crypto_obj.dir/stack/stack.c.obj
[ 75%] Building C object externals/libressl/crypto/CMakeFiles/crypto_obj.dir/ts/ts_asn1.c.obj
[ 75%] Building C object externals/libressl/crypto/CMakeFiles/crypto_obj.dir/ts/ts_err.c.obj
[ 75%] Building C object externals/libressl/crypto/CMakeFiles/crypto_obj.dir/ts/ts_conf.c.obj
[ 75%] Building C object externals/libressl/crypto/CMakeFiles/crypto_obj.dir/ts/ts_lib.c.obj
[ 75%] Building C object externals/libressl/crypto/CMakeFiles/crypto_obj.dir/ts/ts_req_print.c.obj
[ 75%] Building C object externals/libressl/crypto/CMakeFiles/crypto_obj.dir/ts/ts_req_utils.c.obj
[ 75%] Building C object externals/libressl/crypto/CMakeFiles/crypto_obj.dir/ts/ts_rsp_print.c.obj
[ 75%] Building C object externals/libressl/crypto/CMakeFiles/crypto_obj.dir/ts/ts_rsp_sign.c.obj
[ 75%] Building C object externals/libressl/crypto/CMakeFiles/crypto_obj.dir/ts/ts_rsp_utils.c.obj
[ 75%] Building C object externals/libressl/crypto/CMakeFiles/crypto_obj.dir/ts/ts_rsp_verify.c.obj
[ 75%] Building C object externals/libressl/crypto/CMakeFiles/crypto_obj.dir/ts/ts_verify_ctx.c.obj
[ 75%] Building C object externals/libressl/crypto/CMakeFiles/crypto_obj.dir/txt_db/txt_db.c.obj
[ 75%] Building C object externals/libressl/crypto/CMakeFiles/crypto_obj.dir/ui/ui_err.c.obj
[ 75%] Building C object externals/libressl/crypto/CMakeFiles/crypto_obj.dir/ui/ui_lib.c.obj
[ 75%] Building C object externals/libressl/crypto/CMakeFiles/crypto_obj.dir/ui/ui_null.c.obj
[ 75%] Building C object externals/libressl/crypto/CMakeFiles/crypto_obj.dir/whrlpool/wp_dgst.c.obj
[ 75%] Building C object externals/libressl/crypto/CMakeFiles/crypto_obj.dir/ui/ui_util.c.obj
[ 75%] Building C object externals/libressl/crypto/CMakeFiles/crypto_obj.dir/x509/by_dir.c.obj
[ 75%] Building C object externals/libressl/crypto/CMakeFiles/crypto_obj.dir/x509/by_file.c.obj
[ 75%] Building C object externals/libressl/crypto/CMakeFiles/crypto_obj.dir/x509/by_mem.c.obj
[ 75%] Building C object externals/libressl/crypto/CMakeFiles/crypto_obj.dir/x509/x509_addr.c.obj
[ 75%] Building C object externals/libressl/crypto/CMakeFiles/crypto_obj.dir/x509/x509_akey.c.obj
[ 75%] Building C object externals/libressl/crypto/CMakeFiles/crypto_obj.dir/x509/x509_akeya.c.obj
[ 76%] Building C object externals/libressl/crypto/CMakeFiles/crypto_obj.dir/x509/x509_alt.c.obj
[ 76%] Building C object externals/libressl/crypto/CMakeFiles/crypto_obj.dir/x509/x509_asid.c.obj
[ 76%] Building C object externals/libressl/crypto/CMakeFiles/crypto_obj.dir/x509/x509_att.c.obj
[ 76%] Building C object externals/libressl/crypto/CMakeFiles/crypto_obj.dir/x509/x509_bcons.c.obj
[ 76%] Building C object externals/libressl/crypto/CMakeFiles/crypto_obj.dir/x509/x509_bitst.c.obj
[ 76%] Building C object externals/libressl/crypto/CMakeFiles/crypto_obj.dir/x509/x509_cmp.c.obj
[ 76%] Building C object externals/libressl/crypto/CMakeFiles/crypto_obj.dir/x509/x509_conf.c.obj
[ 76%] Building C object externals/libressl/crypto/CMakeFiles/crypto_obj.dir/x509/x509_constraints.c.obj
[ 76%] Building C object externals/libressl/crypto/CMakeFiles/crypto_obj.dir/x509/x509_crld.c.obj
[ 76%] Building C object externals/libressl/crypto/CMakeFiles/crypto_obj.dir/x509/x509_cpols.c.obj
[ 76%] Building C object externals/libressl/crypto/CMakeFiles/crypto_obj.dir/x509/x509_def.c.obj
[ 76%] Building C object externals/libressl/crypto/CMakeFiles/crypto_obj.dir/x509/x509_err.c.obj
[ 76%] Building C object externals/libressl/crypto/CMakeFiles/crypto_obj.dir/x509/x509_d2.c.obj
[ 76%] Building C object externals/libressl/crypto/CMakeFiles/crypto_obj.dir/x509/x509_ext.c.obj
[ 76%] Building C object externals/libressl/crypto/CMakeFiles/crypto_obj.dir/x509/x509_extku.c.obj
[ 76%] Building C object externals/libressl/crypto/CMakeFiles/crypto_obj.dir/x509/x509_ia5.c.obj
[ 76%] Building C object externals/libressl/crypto/CMakeFiles/crypto_obj.dir/x509/x509_genn.c.obj
[ 76%] Building C object externals/libressl/crypto/CMakeFiles/crypto_obj.dir/x509/x509_info.c.obj
[ 76%] Building C object externals/libressl/crypto/CMakeFiles/crypto_obj.dir/x509/x509_lib.c.obj
[ 76%] Building C object externals/libressl/crypto/CMakeFiles/crypto_obj.dir/x509/x509_issuer_cache.c.obj
[ 76%] Building C object externals/libressl/crypto/CMakeFiles/crypto_obj.dir/x509/x509_int.c.obj
[ 76%] Building C object externals/libressl/crypto/CMakeFiles/crypto_obj.dir/x509/x509_ncons.c.obj
[ 76%] Building C object externals/libressl/crypto/CMakeFiles/crypto_obj.dir/x509/x509_lu.c.obj
[ 76%] Building C object externals/libressl/crypto/CMakeFiles/crypto_obj.dir/x509/x509_obj.c.obj
[ 77%] Building C object externals/libressl/crypto/CMakeFiles/crypto_obj.dir/x509/x509_ocsp.c.obj
[ 77%] Building C object externals/libressl/crypto/CMakeFiles/crypto_obj.dir/x509/x509_pcons.c.obj
[ 77%] Building C object externals/libressl/crypto/CMakeFiles/crypto_obj.dir/x509/x509_pku.c.obj
[ 77%] Building C object externals/libressl/crypto/CMakeFiles/crypto_obj.dir/x509/x509_pmaps.c.obj
[ 77%] Building C object externals/libressl/crypto/CMakeFiles/crypto_obj.dir/x509/x509_policy.c.obj
[ 77%] Building C object externals/libressl/crypto/CMakeFiles/crypto_obj.dir/x509/x509_prn.c.obj
[ 77%] Building C object externals/libressl/crypto/CMakeFiles/crypto_obj.dir/x509/x509_purp.c.obj
[ 77%] Building C object externals/libressl/crypto/CMakeFiles/crypto_obj.dir/x509/x509_set.c.obj
[ 77%] Building C object externals/libressl/crypto/CMakeFiles/crypto_obj.dir/x509/x509_r2x.c.obj
[ 77%] Building C object externals/libressl/crypto/CMakeFiles/crypto_obj.dir/x509/x509_skey.c.obj
[ 77%] Building C object externals/libressl/crypto/CMakeFiles/crypto_obj.dir/x509/x509_req.c.obj
[ 77%] Building C object externals/libressl/crypto/CMakeFiles/crypto_obj.dir/x509/x509_trs.c.obj
[ 77%] Building C object externals/libressl/crypto/CMakeFiles/crypto_obj.dir/x509/x509_txt.c.obj
[ 77%] Building C object externals/libressl/crypto/CMakeFiles/crypto_obj.dir/x509/x509_utl.c.obj
[ 77%] Building C object externals/libressl/crypto/CMakeFiles/crypto_obj.dir/x509/x509_verify.c.obj
[ 77%] Building C object externals/libressl/crypto/CMakeFiles/crypto_obj.dir/x509/x509_v3.c.obj
[ 77%] Building C object externals/libressl/crypto/CMakeFiles/crypto_obj.dir/x509/x509_vfy.c.obj
[ 77%] Building C object externals/libressl/crypto/CMakeFiles/crypto_obj.dir/x509/x509_vpm.c.obj
[ 77%] Building C object externals/libressl/crypto/CMakeFiles/crypto_obj.dir/x509/x509cset.c.obj
[ 77%] Building C object externals/libressl/crypto/CMakeFiles/crypto_obj.dir/x509/x509name.c.obj
[ 77%] Building C object externals/libressl/crypto/CMakeFiles/crypto_obj.dir/x509/x509spki.c.obj
[ 77%] Building C object externals/libressl/crypto/CMakeFiles/crypto_obj.dir/x509/x509rset.c.obj
[ 77%] Building C object externals/libressl/crypto/CMakeFiles/crypto_obj.dir/x509/x509type.c.obj
[ 77%] Building C object externals/libressl/crypto/CMakeFiles/crypto_obj.dir/x509/x_all.c.obj
[ 77%] Building C object externals/libressl/crypto/CMakeFiles/crypto_obj.dir/bio/b_win.c.obj
[ 78%] Building C object externals/libressl/crypto/CMakeFiles/crypto_obj.dir/ui/ui_openssl_win.c.obj
[ 78%] Building C object externals/libressl/crypto/CMakeFiles/crypto_obj.dir/compat/crypto_lock_win.c.obj
[ 78%] Building C object externals/libressl/crypto/CMakeFiles/crypto_obj.dir/compat/posix_win.c.obj
[ 78%] Building C object externals/libressl/crypto/CMakeFiles/crypto_obj.dir/compat/getpagesize.c.obj
[ 78%] Building C object externals/libressl/crypto/CMakeFiles/crypto_obj.dir/compat/freezero.c.obj
[ 78%] Building C object externals/libressl/crypto/CMakeFiles/crypto_obj.dir/compat/getprogname_windows.c.obj
[ 78%] Built target SDL2-static
[ 78%] Building C object externals/libressl/crypto/CMakeFiles/crypto_obj.dir/compat/reallocarray.c.obj
[ 78%] Building C object externals/libressl/crypto/CMakeFiles/crypto_obj.dir/compat/strlcat.c.obj
[ 78%] Building C object externals/libressl/crypto/CMakeFiles/crypto_obj.dir/compat/recallocarray.c.obj
[ 78%] Building C object externals/libressl/crypto/CMakeFiles/crypto_obj.dir/compat/strlcpy.c.obj
[ 78%] Building C object externals/libressl/crypto/CMakeFiles/crypto_obj.dir/compat/strndup.c.obj
[ 78%] Building C object externals/libressl/crypto/CMakeFiles/crypto_obj.dir/compat/strsep.c.obj
[ 78%] Building C object externals/libressl/crypto/CMakeFiles/crypto_obj.dir/compat/syslog_r.c.obj
[ 78%] Building C object externals/libressl/crypto/CMakeFiles/crypto_obj.dir/compat/timegm.c.obj
[ 78%] Building C object externals/libressl/crypto/CMakeFiles/crypto_obj.dir/compat/strtonum.c.obj
[ 78%] Building C object externals/libressl/crypto/CMakeFiles/crypto_obj.dir/compat/arc4random_uniform.c.obj
[ 78%] Building C object externals/libressl/crypto/CMakeFiles/crypto_obj.dir/compat/arc4random.c.obj
[ 78%] Building C object externals/libressl/crypto/CMakeFiles/crypto_obj.dir/compat/timingsafe_bcmp.c.obj
[ 78%] Building C object externals/libressl/crypto/CMakeFiles/crypto_obj.dir/compat/explicit_bzero_win.c.obj
[ 78%] Building C object externals/libressl/crypto/CMakeFiles/crypto_obj.dir/compat/timingsafe_memcmp.c.obj
[ 78%] Building C object externals/libressl/crypto/CMakeFiles/crypto_obj.dir/compat/getentropy_win.c.obj
[ 78%] Built target crypto_obj
[ 78%] Building C object externals/libressl/crypto/CMakeFiles/crypto.dir/empty.c.obj
[ 78%] Linking C static library libcrypto-51.a
Stripping ordinals from OpenAL32.def and generating OpenAL32.lib...
[ 78%] Built target SPIRV-Tools-opt
[ 78%] Building CXX object externals/glslang/SPIRV/CMakeFiles/SPIRV.dir/__/glslang/stub.cpp.obj
[ 78%] Building CXX object externals/glslang/glslang/CMakeFiles/glslang.dir/GenericCodeGen/CodeGen.cpp.obj
[ 78%] Building CXX object externals/glslang/glslang/CMakeFiles/glslang.dir/CInterface/glslang_c_interface.cpp.obj
[ 78%] Building CXX object externals/glslang/glslang/CMakeFiles/glslang.dir/GenericCodeGen/Link.cpp.obj
[ 78%] Building CXX object externals/glslang/glslang/CMakeFiles/glslang.dir/MachineIndependent/glslang_tab.cpp.obj
[ 78%] Building CXX object externals/glslang/glslang/CMakeFiles/glslang.dir/MachineIndependent/Constant.cpp.obj
[ 78%] Building CXX object externals/glslang/glslang/CMakeFiles/glslang.dir/MachineIndependent/attribute.cpp.obj
[ 78%] Building CXX object externals/glslang/glslang/CMakeFiles/glslang.dir/OSDependent/Windows/ossource.cpp.obj
[ 78%] Building CXX object externals/glslang/glslang/CMakeFiles/glslang.dir/MachineIndependent/InfoSink.cpp.obj
[ 78%] Building CXX object externals/glslang/glslang/CMakeFiles/glslang.dir/MachineIndependent/iomapper.cpp.obj
[ 78%] Building CXX object externals/glslang/glslang/CMakeFiles/glslang.dir/MachineIndependent/Initialize.cpp.obj
[ 78%] Building CXX object externals/glslang/glslang/CMakeFiles/glslang.dir/MachineIndependent/IntermTraverse.cpp.obj
[ 78%] Building CXX object externals/glslang/glslang/CMakeFiles/glslang.dir/MachineIndependent/ParseContextBase.cpp.obj
[ 78%] Building CXX object externals/glslang/glslang/CMakeFiles/glslang.dir/MachineIndependent/Intermediate.cpp.obj
[ 78%] Building CXX object externals/glslang/glslang/CMakeFiles/glslang.dir/MachineIndependent/ParseHelper.cpp.obj
[ 78%] Building CXX object externals/glslang/glslang/CMakeFiles/glslang.dir/MachineIndependent/PoolAlloc.cpp.obj
[ 78%] Building CXX object externals/glslang/glslang/CMakeFiles/glslang.dir/MachineIndependent/RemoveTree.cpp.obj
[ 78%] Building CXX object externals/glslang/glslang/CMakeFiles/glslang.dir/MachineIndependent/Scan.cpp.obj
[ 78%] Building CXX object externals/glslang/glslang/CMakeFiles/glslang.dir/MachineIndependent/ShaderLang.cpp.obj
[ 78%] Building CXX object externals/glslang/glslang/CMakeFiles/glslang.dir/MachineIndependent/SpirvIntrinsics.cpp.obj
[ 78%] Linking CXX static library libSPIRV.a
[ 78%] Building CXX object externals/glslang/glslang/CMakeFiles/glslang.dir/MachineIndependent/SymbolTable.cpp.obj
[ 79%] Building CXX object externals/glslang/glslang/CMakeFiles/glslang.dir/MachineIndependent/intermOut.cpp.obj
[ 79%] Building CXX object externals/glslang/glslang/CMakeFiles/glslang.dir/MachineIndependent/Versions.cpp.obj
[ 79%] Building CXX object externals/glslang/glslang/CMakeFiles/glslang.dir/MachineIndependent/limits.cpp.obj
[ 79%] Building CXX object externals/glslang/glslang/CMakeFiles/glslang.dir/MachineIndependent/linkValidate.cpp.obj
[ 79%] Building CXX object externals/glslang/glslang/CMakeFiles/glslang.dir/MachineIndependent/reflection.cpp.obj
[ 79%] Building CXX object externals/glslang/glslang/CMakeFiles/glslang.dir/MachineIndependent/parseConst.cpp.obj
[ 79%] Building CXX object externals/glslang/glslang/CMakeFiles/glslang.dir/MachineIndependent/preprocessor/Pp.cpp.obj
[ 79%] Building CXX object externals/glslang/glslang/CMakeFiles/glslang.dir/MachineIndependent/preprocessor/PpContext.cpp.obj
[ 79%] Building CXX object externals/glslang/glslang/CMakeFiles/glslang.dir/MachineIndependent/preprocessor/PpAtom.cpp.obj
[ 79%] Building CXX object externals/glslang/glslang/CMakeFiles/glslang.dir/MachineIndependent/preprocessor/PpScanner.cpp.obj
[ 79%] Building CXX object externals/glslang/glslang/CMakeFiles/glslang.dir/MachineIndependent/propagateNoContraction.cpp.obj
[ 79%] Building CXX object externals/glslang/glslang/CMakeFiles/glslang.dir/__/SPIRV/GlslangToSpv.cpp.obj
[ 79%] Building CXX object externals/glslang/glslang/CMakeFiles/glslang.dir/MachineIndependent/preprocessor/PpTokens.cpp.obj
[ 79%] Building CXX object externals/glslang/glslang/CMakeFiles/glslang.dir/__/SPIRV/Logger.cpp.obj
[ 79%] Building CXX object externals/glslang/glslang/CMakeFiles/glslang.dir/__/SPIRV/InReadableOrder.cpp.obj
[ 79%] Building CXX object externals/glslang/glslang/CMakeFiles/glslang.dir/__/SPIRV/SpvBuilder.cpp.obj
[ 79%] Building CXX object externals/glslang/glslang/CMakeFiles/glslang.dir/__/SPIRV/doc.cpp.obj
[ 79%] Building CXX object externals/glslang/glslang/CMakeFiles/glslang.dir/__/SPIRV/SpvPostProcess.cpp.obj
[ 79%] Building CXX object externals/glslang/glslang/CMakeFiles/glslang.dir/__/SPIRV/SpvTools.cpp.obj
[ 79%] Building CXX object externals/glslang/glslang/CMakeFiles/glslang.dir/__/SPIRV/disassemble.cpp.obj
[ 79%] Building CXX object externals/glslang/glslang/CMakeFiles/glslang.dir/__/SPIRV/CInterface/spirv_c_interface.cpp.obj
[ 79%] Built target SPIRV
[ 79%] Built target OpenAL
[ 79%] Built target crypto
[ 79%] Building C object externals/libressl/ssl/CMakeFiles/ssl.dir/empty.c.obj
[ 79%] Linking C static library libssl-54.a
[ 79%] Built target ssl
[ 79%] Building CXX object src/web_service/CMakeFiles/web_service.dir/announce_room_json.cpp.obj
[ 79%] Building CXX object src/web_service/CMakeFiles/web_service.dir/verify_login.cpp.obj
[ 79%] Building CXX object src/web_service/CMakeFiles/web_service.dir/web_backend.cpp.obj
[ 79%] Building CXX object src/web_service/CMakeFiles/web_service.dir/verify_user_jwt.cpp.obj
[ 79%] Linking CXX static library libweb_service.a
[ 79%] Linking CXX static library libglslang.a
[ 79%] Built target teakra
[ 79%] Built target web_service
[ 79%] Building CXX object src/network/CMakeFiles/network.dir/announce_multiplayer_session.cpp.obj
[ 79%] Building CXX object src/network/CMakeFiles/network.dir/artic_base/artic_base_client.cpp.obj
[ 79%] Building CXX object src/network/CMakeFiles/network.dir/network_settings.cpp.obj
[ 79%] Building CXX object src/network/CMakeFiles/network.dir/room.cpp.obj
[ 79%] Building CXX object src/network/CMakeFiles/network.dir/network.cpp.obj
[ 79%] Building CXX object src/network/CMakeFiles/network.dir/verify_user.cpp.obj
[ 79%] Building CXX object src/network/CMakeFiles/network.dir/socket_manager.cpp.obj
[ 79%] Building CXX object src/network/CMakeFiles/network.dir/room_member.cpp.obj
[ 79%] Building CXX object src/network/CMakeFiles/network.dir/packet.cpp.obj
[ 79%] Linking CXX static library libnetwork.a
[ 79%] Built target glslang
[ 79%] Built target network
[ 79%] Building RC object src/citra_room/CMakeFiles/citra_room.dir/citra_room.rc.res
[ 79%] Building CXX object src/citra_room/CMakeFiles/citra_room.dir/citra_room.cpp.obj
[ 79%] Linking CXX static library libcitra_room.a
[ 79%] Built target citra_room
[ 79%] Building CXX object src/citra_room_standalone/CMakeFiles/citra_room_standalone.dir/citra_room_standalone.cpp.obj
[ 79%] Linking CXX executable ../../bin/Release/azahar-room.exe
[ 79%] Built target dynarmic
[ 79%] Building CXX object src/audio_core/CMakeFiles/audio_core.dir/hle/aac_decoder.cpp.obj
[ 79%] Building CXX object src/audio_core/CMakeFiles/audio_core.dir/codec.cpp.obj
[ 79%] Building CXX object src/audio_core/CMakeFiles/audio_core.dir/dsp_interface.cpp.obj
[ 80%] Building CXX object src/audio_core/CMakeFiles/audio_core.dir/hle/filter.cpp.obj
[ 80%] Building CXX object src/audio_core/CMakeFiles/audio_core.dir/hle/decoder.cpp.obj
[ 80%] Building CXX object src/audio_core/CMakeFiles/audio_core.dir/hle/hle.cpp.obj
[ 80%] Building CXX object src/audio_core/CMakeFiles/audio_core.dir/lle/lle.cpp.obj
[ 80%] Building CXX object src/audio_core/CMakeFiles/audio_core.dir/hle/source.cpp.obj
[ 80%] Building CXX object src/audio_core/CMakeFiles/audio_core.dir/sink_details.cpp.obj
[ 80%] Building CXX object src/audio_core/CMakeFiles/audio_core.dir/hle/mixers.cpp.obj
[ 80%] Building CXX object src/audio_core/CMakeFiles/audio_core.dir/input_details.cpp.obj
[ 80%] Building CXX object src/audio_core/CMakeFiles/audio_core.dir/interpolate.cpp.obj
[ 80%] Building CXX object src/audio_core/CMakeFiles/audio_core.dir/static_input.cpp.obj
[ 80%] Building CXX object src/audio_core/CMakeFiles/audio_core.dir/time_stretch.cpp.obj
[ 80%] Building CXX object src/audio_core/CMakeFiles/audio_core.dir/sdl2_sink.cpp.obj
[ 80%] Building CXX object src/audio_core/CMakeFiles/audio_core.dir/cubeb_sink.cpp.obj
[ 80%] Building CXX object src/audio_core/CMakeFiles/audio_core.dir/cubeb_input.cpp.obj
[ 80%] Building CXX object src/audio_core/CMakeFiles/audio_core.dir/openal_input.cpp.obj
[ 80%] Building CXX object src/audio_core/CMakeFiles/audio_core.dir/openal_sink.cpp.obj
[ 80%] Built target citra_room_standalone
[ 80%] Linking CXX static library libaudio_core.a
[ 80%] Built target audio_core
[ 80%] Building CXX object src/video_core/CMakeFiles/video_core.dir/custom_textures/custom_format.cpp.obj
[ 80%] Building CXX object src/video_core/CMakeFiles/video_core.dir/custom_textures/custom_tex_manager.cpp.obj
[ 80%] Building CXX object src/video_core/CMakeFiles/video_core.dir/bbp_compat.cpp.obj
[ 80%] Building CXX object src/video_core/CMakeFiles/video_core.dir/rasterizer_accelerated.cpp.obj
[ 80%] Building CXX object src/video_core/CMakeFiles/video_core.dir/custom_textures/material.cpp.obj
[ 80%] Building CXX object src/video_core/CMakeFiles/video_core.dir/gpu.cpp.obj
[ 80%] Building CXX object src/video_core/CMakeFiles/video_core.dir/renderer_base.cpp.obj
[ 80%] Building CXX object src/video_core/CMakeFiles/video_core.dir/debug_utils/debug_utils.cpp.obj
[ 80%] Building CXX object src/video_core/CMakeFiles/video_core.dir/pica/regs_internal.cpp.obj
[ 80%] Building CXX object src/video_core/CMakeFiles/video_core.dir/pica/geometry_pipeline.cpp.obj
[ 80%] Building CXX object src/video_core/CMakeFiles/video_core.dir/pica/output_vertex.cpp.obj
[ 80%] Building CXX object src/video_core/CMakeFiles/video_core.dir/pica/primitive_assembly.cpp.obj
[ 80%] Building CXX object src/video_core/CMakeFiles/video_core.dir/pica/shader_setup.cpp.obj
[ 80%] Building CXX object src/video_core/CMakeFiles/video_core.dir/pica/pica_core.cpp.obj
[ 80%] Building CXX object src/video_core/CMakeFiles/video_core.dir/pica/shader_unit.cpp.obj
[ 80%] Building CXX object src/video_core/CMakeFiles/video_core.dir/pica/vertex_loader.cpp.obj
[ 80%] Building CXX object src/video_core/CMakeFiles/video_core.dir/rasterizer_cache/pixel_format.cpp.obj
[ 80%] Building CXX object src/video_core/CMakeFiles/video_core.dir/rasterizer_cache/rasterizer_cache.cpp.obj
[ 80%] Building CXX object src/video_core/CMakeFiles/video_core.dir/rasterizer_cache/surface_base.cpp.obj
[ 80%] Building CXX object src/video_core/CMakeFiles/video_core.dir/rasterizer_cache/surface_params.cpp.obj
[ 81%] Building CXX object src/video_core/CMakeFiles/video_core.dir/rasterizer_cache/utils.cpp.obj
[ 81%] Building CXX object src/video_core/CMakeFiles/video_core.dir/renderer_software/sw_blitter.cpp.obj
[ 81%] Building CXX object src/video_core/CMakeFiles/video_core.dir/shader/generator/glsl_fs_shader_gen.cpp.obj
[ 81%] Building CXX object src/video_core/CMakeFiles/video_core.dir/right_eye_disabler.cpp.obj
[ 81%] Building CXX object src/video_core/CMakeFiles/video_core.dir/shader/generator/glsl_shader_decompiler.cpp.obj
[ 81%] Building CXX object src/video_core/CMakeFiles/video_core.dir/shader/generator/glsl_shader_gen.cpp.obj
[ 81%] Building CXX object src/video_core/CMakeFiles/video_core.dir/shader/generator/pica_fs_config.cpp.obj
[ 81%] Building CXX object src/video_core/CMakeFiles/video_core.dir/shader/generator/shader_gen.cpp.obj
[ 81%] Building CXX object src/video_core/CMakeFiles/video_core.dir/shader/generator/shader_uniforms.cpp.obj
[ 81%] Building CXX object src/video_core/CMakeFiles/video_core.dir/shader/shader.cpp.obj
[ 81%] Building CXX object src/video_core/CMakeFiles/video_core.dir/shader/shader_interpreter.cpp.obj
[ 81%] Building CXX object src/video_core/CMakeFiles/video_core.dir/shader/shader_jit.cpp.obj
[ 81%] Building CXX object src/video_core/CMakeFiles/video_core.dir/shader/shader_jit_a64_compiler.cpp.obj
[ 81%] Building CXX object src/video_core/CMakeFiles/video_core.dir/shader/shader_jit_x64_compiler.cpp.obj
[ 81%] Building CXX object src/video_core/CMakeFiles/video_core.dir/texture/etc1.cpp.obj
[ 81%] Building CXX object src/video_core/CMakeFiles/video_core.dir/texture/texture_decode.cpp.obj
[ 81%] Building CXX object src/video_core/CMakeFiles/video_core.dir/video_core.cpp.obj
[ 81%] Building CXX object src/video_core/CMakeFiles/video_core.dir/renderer_software/renderer_software.cpp.obj
[ 81%] Building CXX object src/video_core/CMakeFiles/video_core.dir/renderer_software/sw_clipper.cpp.obj
[ 81%] Building CXX object src/video_core/CMakeFiles/video_core.dir/renderer_software/sw_framebuffer.cpp.obj
[ 81%] Building CXX object src/video_core/CMakeFiles/video_core.dir/renderer_software/sw_lighting.cpp.obj
[ 81%] Building CXX object src/video_core/CMakeFiles/video_core.dir/renderer_software/sw_proctex.cpp.obj
[ 81%] Building CXX object src/video_core/CMakeFiles/video_core.dir/renderer_software/sw_rasterizer.cpp.obj
[ 81%] Building CXX object src/video_core/CMakeFiles/video_core.dir/renderer_software/sw_texturing.cpp.obj
[ 82%] Building CXX object src/video_core/CMakeFiles/video_core.dir/renderer_opengl/frame_dumper_opengl.cpp.obj
[ 82%] Building CXX object src/video_core/CMakeFiles/video_core.dir/renderer_opengl/gl_blit_helper.cpp.obj
[ 82%] Building CXX object src/video_core/CMakeFiles/video_core.dir/renderer_opengl/gl_driver.cpp.obj
[ 82%] Building CXX object src/video_core/CMakeFiles/video_core.dir/renderer_opengl/gl_rasterizer.cpp.obj
[ 82%] Building CXX object src/video_core/CMakeFiles/video_core.dir/renderer_opengl/gl_rasterizer_cache.cpp.obj
[ 82%] Building CXX object src/video_core/CMakeFiles/video_core.dir/renderer_opengl/gl_resource_manager.cpp.obj
[ 82%] Building CXX object src/video_core/CMakeFiles/video_core.dir/renderer_opengl/gl_shader_disk_cache.cpp.obj
[ 82%] Building CXX object src/video_core/CMakeFiles/video_core.dir/renderer_opengl/gl_shader_manager.cpp.obj
[ 82%] Building CXX object src/video_core/CMakeFiles/video_core.dir/renderer_opengl/gl_shader_util.cpp.obj
[ 82%] Building CXX object src/video_core/CMakeFiles/video_core.dir/renderer_opengl/gl_stream_buffer.cpp.obj
[ 82%] Building CXX object src/video_core/CMakeFiles/video_core.dir/renderer_opengl/gl_state.cpp.obj
[ 82%] Building CXX object src/video_core/CMakeFiles/video_core.dir/renderer_opengl/gl_texture_mailbox.cpp.obj
[ 82%] Building CXX object src/video_core/CMakeFiles/video_core.dir/renderer_opengl/gl_vars.cpp.obj
[ 82%] Building CXX object src/video_core/CMakeFiles/video_core.dir/renderer_opengl/gl_texture_runtime.cpp.obj
[ 82%] Building CXX object src/video_core/CMakeFiles/video_core.dir/renderer_opengl/post_processing_opengl.cpp.obj
[ 82%] Building CXX object src/video_core/CMakeFiles/video_core.dir/renderer_opengl/renderer_opengl.cpp.obj
[ 82%] Building CXX object src/video_core/CMakeFiles/video_core.dir/renderer_vulkan/renderer_vulkan.cpp.obj
[ 82%] Building CXX object src/video_core/CMakeFiles/video_core.dir/renderer_vulkan/vk_blit_helper.cpp.obj
[ 82%] Building CXX object src/video_core/CMakeFiles/video_core.dir/renderer_vulkan/vk_common.cpp.obj
[ 82%] Building CXX object src/video_core/CMakeFiles/video_core.dir/renderer_vulkan/vk_descriptor_update_queue.cpp.obj
[ 82%] Building CXX object src/video_core/CMakeFiles/video_core.dir/renderer_vulkan/vk_graphics_pipeline.cpp.obj
[ 82%] Building CXX object src/video_core/CMakeFiles/video_core.dir/renderer_vulkan/vk_master_semaphore.cpp.obj
[ 82%] Building CXX object src/video_core/CMakeFiles/video_core.dir/renderer_vulkan/vk_memory_util.cpp.obj
[ 82%] Building CXX object src/video_core/CMakeFiles/video_core.dir/renderer_vulkan/vk_rasterizer.cpp.obj
[ 84%] Building CXX object src/video_core/CMakeFiles/video_core.dir/renderer_vulkan/vk_rasterizer_cache.cpp.obj
[ 84%] Building CXX object src/video_core/CMakeFiles/video_core.dir/renderer_vulkan/vk_resource_pool.cpp.obj
[ 84%] Building CXX object src/video_core/CMakeFiles/video_core.dir/renderer_vulkan/vk_scheduler.cpp.obj
[ 84%] Building CXX object src/video_core/CMakeFiles/video_core.dir/renderer_vulkan/vk_instance.cpp.obj
[ 84%] Building CXX object src/video_core/CMakeFiles/video_core.dir/renderer_vulkan/vk_pipeline_cache.cpp.obj
[ 84%] Building CXX object src/video_core/CMakeFiles/video_core.dir/renderer_vulkan/vk_platform.cpp.obj
[ 84%] Building CXX object src/video_core/CMakeFiles/video_core.dir/renderer_vulkan/vk_present_window.cpp.obj
[ 84%] Building CXX object src/video_core/CMakeFiles/video_core.dir/renderer_vulkan/vk_render_manager.cpp.obj
[ 84%] Building CXX object src/video_core/CMakeFiles/video_core.dir/renderer_vulkan/vk_shader_disk_cache.cpp.obj
[ 84%] Building CXX object src/video_core/CMakeFiles/video_core.dir/renderer_vulkan/vk_shader_util.cpp.obj
[ 84%] Building CXX object src/video_core/CMakeFiles/video_core.dir/renderer_vulkan/vk_stream_buffer.cpp.obj
[ 84%] Building CXX object src/video_core/CMakeFiles/video_core.dir/renderer_vulkan/vk_swapchain.cpp.obj
[ 84%] Building CXX object src/video_core/CMakeFiles/video_core.dir/renderer_vulkan/vk_texture_runtime.cpp.obj
[ 84%] Building CXX object src/video_core/CMakeFiles/video_core.dir/shader/generator/spv_fs_shader_gen.cpp.obj
[ 84%] Linking CXX static library libvideo_core.a
[ 84%] Built target video_core
[ 84%] Building CXX object src/core/CMakeFiles/citra_core.dir/arm/dyncom/arm_dyncom_thumb.cpp.obj
[ 84%] Building CXX object src/core/CMakeFiles/citra_core.dir/arm/dyncom/arm_dyncom.cpp.obj
[ 84%] Building CXX object src/core/CMakeFiles/citra_core.dir/arm/exclusive_monitor.cpp.obj
[ 84%] Building CXX object src/core/CMakeFiles/citra_core.dir/arm/skyeye_common/armsupp.cpp.obj
[ 84%] Building CXX object src/core/CMakeFiles/citra_core.dir/arm/dyncom/arm_dyncom_interpreter.cpp.obj
[ 84%] Building CXX object src/core/CMakeFiles/citra_core.dir/arm/dyncom/arm_dyncom_dec.cpp.obj
[ 84%] Building CXX object src/core/CMakeFiles/citra_core.dir/arm/dyncom/arm_dyncom_trans.cpp.obj
[ 84%] Building CXX object src/core/CMakeFiles/citra_core.dir/arm/skyeye_common/armstate.cpp.obj
[ 84%] Building CXX object src/core/CMakeFiles/citra_core.dir/arm/skyeye_common/vfp/vfp.cpp.obj
[ 84%] Building CXX object src/core/CMakeFiles/citra_core.dir/arm/skyeye_common/vfp/vfpsingle.cpp.obj
[ 84%] Building CXX object src/core/CMakeFiles/citra_core.dir/cheats/cheat_base.cpp.obj
[ 84%] Building CXX object src/core/CMakeFiles/citra_core.dir/arm/skyeye_common/vfp/vfpdouble.cpp.obj
[ 84%] Building CXX object src/core/CMakeFiles/citra_core.dir/arm/skyeye_common/vfp/vfpinstr.cpp.obj
[ 84%] Building CXX object src/core/CMakeFiles/citra_core.dir/cheats/cheats.cpp.obj
[ 84%] Building CXX object src/core/CMakeFiles/citra_core.dir/cheats/gateway_cheat.cpp.obj
[ 84%] Building CXX object src/core/CMakeFiles/citra_core.dir/core.cpp.obj
[ 84%] Building CXX object src/core/CMakeFiles/citra_core.dir/core_timing.cpp.obj
[ 84%] Building CXX object src/core/CMakeFiles/citra_core.dir/dumping/backend.cpp.obj
[ 84%] Building CXX object src/core/CMakeFiles/citra_core.dir/dumping/ffmpeg_backend.cpp.obj
[ 84%] Building CXX object src/core/CMakeFiles/citra_core.dir/file_sys/archive_backend.cpp.obj
[ 84%] Building CXX object src/core/CMakeFiles/citra_core.dir/file_sys/archive_artic.cpp.obj
[ 84%] Building CXX object src/core/CMakeFiles/citra_core.dir/file_sys/archive_extsavedata.cpp.obj
[ 84%] Building CXX object src/core/CMakeFiles/citra_core.dir/file_sys/archive_ncch.cpp.obj
[ 84%] Building CXX object src/core/CMakeFiles/citra_core.dir/file_sys/archive_nand.cpp.obj
[ 85%] Building CXX object src/core/CMakeFiles/citra_core.dir/file_sys/archive_other_savedata.cpp.obj
[ 85%] Building CXX object src/core/CMakeFiles/citra_core.dir/file_sys/archive_savedata.cpp.obj
[ 85%] Building CXX object src/core/CMakeFiles/citra_core.dir/file_sys/archive_sdmcwriteonly.cpp.obj
[ 85%] Building CXX object src/core/CMakeFiles/citra_core.dir/file_sys/archive_sdmc.cpp.obj
[ 85%] Building CXX object src/core/CMakeFiles/citra_core.dir/file_sys/archive_selfncch.cpp.obj
[ 85%] Building CXX object src/core/CMakeFiles/citra_core.dir/file_sys/archive_source_sd_savedata.cpp.obj
[ 85%] Building CXX object src/core/CMakeFiles/citra_core.dir/file_sys/archive_systemsavedata.cpp.obj
[ 85%] Building CXX object src/core/CMakeFiles/citra_core.dir/file_sys/artic_cache.cpp.obj
[ 85%] Building CXX object src/core/CMakeFiles/citra_core.dir/file_sys/certificate.cpp.obj
[ 85%] Building CXX object src/core/CMakeFiles/citra_core.dir/file_sys/cia_container.cpp.obj
[ 85%] Building CXX object src/core/CMakeFiles/citra_core.dir/file_sys/disk_archive.cpp.obj
[ 85%] Building CXX object src/core/CMakeFiles/citra_core.dir/file_sys/delay_generator.cpp.obj
[ 85%] Building CXX object src/core/CMakeFiles/citra_core.dir/file_sys/ivfc_archive.cpp.obj
[ 85%] Building CXX object src/core/CMakeFiles/citra_core.dir/file_sys/layered_fs.cpp.obj
[ 85%] Building CXX object src/core/CMakeFiles/citra_core.dir/file_sys/ncch_container.cpp.obj
[ 85%] Building CXX object src/core/CMakeFiles/citra_core.dir/file_sys/otp.cpp.obj
[ 85%] Building CXX object src/core/CMakeFiles/citra_core.dir/file_sys/patch.cpp.obj
[ 85%] Building CXX object src/core/CMakeFiles/citra_core.dir/file_sys/path_parser.cpp.obj
[ 85%] Building CXX object src/core/CMakeFiles/citra_core.dir/file_sys/plugin_3gx.cpp.obj
[ 85%] Building CXX object src/core/CMakeFiles/citra_core.dir/file_sys/romfs_reader.cpp.obj
[ 85%] Building CXX object src/core/CMakeFiles/citra_core.dir/file_sys/savedata_archive.cpp.obj
[ 85%] Building CXX object src/core/CMakeFiles/citra_core.dir/file_sys/secure_value_backend_artic.cpp.obj
[ 85%] Building CXX object src/core/CMakeFiles/citra_core.dir/file_sys/secure_value_backend.cpp.obj
[ 85%] Building CXX object src/core/CMakeFiles/citra_core.dir/file_sys/seed_db.cpp.obj
[ 86%] Building CXX object src/core/CMakeFiles/citra_core.dir/file_sys/ticket.cpp.obj
[ 86%] Building CXX object src/core/CMakeFiles/citra_core.dir/file_sys/title_metadata.cpp.obj
[ 86%] Building CXX object src/core/CMakeFiles/citra_core.dir/frontend/applets/default_applets.cpp.obj
[ 86%] Building CXX object src/core/CMakeFiles/citra_core.dir/frontend/applets/mii_selector.cpp.obj
[ 86%] Building CXX object src/core/CMakeFiles/citra_core.dir/frontend/applets/swkbd.cpp.obj
[ 86%] Building CXX object src/core/CMakeFiles/citra_core.dir/frontend/camera/blank_camera.cpp.obj
[ 86%] Building CXX object src/core/CMakeFiles/citra_core.dir/frontend/camera/factory.cpp.obj
[ 86%] Building CXX object src/core/CMakeFiles/citra_core.dir/frontend/camera/interface.cpp.obj
[ 86%] Building CXX object src/core/CMakeFiles/citra_core.dir/frontend/emu_window.cpp.obj
[ 86%] Building CXX object src/core/CMakeFiles/citra_core.dir/frontend/framebuffer_layout.cpp.obj
[ 86%] Building CXX object src/core/CMakeFiles/citra_core.dir/frontend/image_interface.cpp.obj
[ 86%] Building CXX object src/core/CMakeFiles/citra_core.dir/hle/applets/applet.cpp.obj
[ 86%] Building CXX object src/core/CMakeFiles/citra_core.dir/hle/applets/erreula.cpp.obj
[ 86%] Building CXX object src/core/CMakeFiles/citra_core.dir/hle/applets/mii_selector.cpp.obj
[ 86%] Building CXX object src/core/CMakeFiles/citra_core.dir/hle/applets/mint.cpp.obj
[ 86%] Building CXX object src/core/CMakeFiles/citra_core.dir/hle/applets/swkbd.cpp.obj
[ 86%] Building CXX object src/core/CMakeFiles/citra_core.dir/hle/kernel/address_arbiter.cpp.obj
[ 86%] Building CXX object src/core/CMakeFiles/citra_core.dir/hle/kernel/client_port.cpp.obj
[ 86%] Building CXX object src/core/CMakeFiles/citra_core.dir/hle/kernel/client_session.cpp.obj
[ 86%] Building CXX object src/core/CMakeFiles/citra_core.dir/hle/kernel/config_mem.cpp.obj
[ 86%] Building CXX object src/core/CMakeFiles/citra_core.dir/hle/kernel/event.cpp.obj
[ 86%] Building CXX object src/core/CMakeFiles/citra_core.dir/hle/kernel/handle_table.cpp.obj
[ 86%] Building CXX object src/core/CMakeFiles/citra_core.dir/hle/kernel/hle_ipc.cpp.obj
[ 86%] Building CXX object src/core/CMakeFiles/citra_core.dir/hle/kernel/ipc.cpp.obj
[ 87%] Building CXX object src/core/CMakeFiles/citra_core.dir/hle/kernel/ipc_debugger/recorder.cpp.obj
[ 87%] Building CXX object src/core/CMakeFiles/citra_core.dir/hle/kernel/kernel.cpp.obj
[ 87%] Building CXX object src/core/CMakeFiles/citra_core.dir/hle/kernel/memory.cpp.obj
[ 87%] Building CXX object src/core/CMakeFiles/citra_core.dir/hle/kernel/mutex.cpp.obj
[ 87%] Building CXX object src/core/CMakeFiles/citra_core.dir/hle/kernel/object.cpp.obj
[ 87%] Building CXX object src/core/CMakeFiles/citra_core.dir/hle/kernel/resource_limit.cpp.obj
[ 87%] Building CXX object src/core/CMakeFiles/citra_core.dir/hle/kernel/process.cpp.obj
[ 87%] Building CXX object src/core/CMakeFiles/citra_core.dir/hle/kernel/semaphore.cpp.obj
[ 87%] Building CXX object src/core/CMakeFiles/citra_core.dir/hle/kernel/server_port.cpp.obj
[ 87%] Building CXX object src/core/CMakeFiles/citra_core.dir/hle/kernel/server_session.cpp.obj
[ 87%] Building CXX object src/core/CMakeFiles/citra_core.dir/hle/kernel/session.cpp.obj
[ 87%] Building CXX object src/core/CMakeFiles/citra_core.dir/hle/kernel/shared_memory.cpp.obj
[ 87%] Building CXX object src/core/CMakeFiles/citra_core.dir/hle/kernel/shared_page.cpp.obj
[ 87%] Building CXX object src/core/CMakeFiles/citra_core.dir/hle/kernel/svc.cpp.obj
[ 87%] Building CXX object src/core/CMakeFiles/citra_core.dir/hle/kernel/thread.cpp.obj
[ 87%] Building CXX object src/core/CMakeFiles/citra_core.dir/hle/kernel/timer.cpp.obj
[ 87%] Building CXX object src/core/CMakeFiles/citra_core.dir/hle/kernel/vm_manager.cpp.obj
[ 87%] Building CXX object src/core/CMakeFiles/citra_core.dir/hle/kernel/wait_object.cpp.obj
[ 87%] Building CXX object src/core/CMakeFiles/citra_core.dir/hle/mii.cpp.obj
[ 87%] Building CXX object src/core/CMakeFiles/citra_core.dir/hle/romfs.cpp.obj
[ 87%] Building CXX object src/core/CMakeFiles/citra_core.dir/hle/service/ac/ac.cpp.obj
[ 87%] Building CXX object src/core/CMakeFiles/citra_core.dir/hle/service/ac/ac_i.cpp.obj
[ 87%] Building CXX object src/core/CMakeFiles/citra_core.dir/hle/service/ac/ac_u.cpp.obj
[ 87%] Building CXX object src/core/CMakeFiles/citra_core.dir/hle/service/act/act.cpp.obj
[ 88%] Building CXX object src/core/CMakeFiles/citra_core.dir/hle/service/act/act_errors.cpp.obj
[ 88%] Building CXX object src/core/CMakeFiles/citra_core.dir/hle/service/act/act_a.cpp.obj
[ 88%] Building CXX object src/core/CMakeFiles/citra_core.dir/hle/service/act/act_u.cpp.obj
[ 88%] Building CXX object src/core/CMakeFiles/citra_core.dir/hle/service/am/am.cpp.obj
[ 88%] Building CXX object src/core/CMakeFiles/citra_core.dir/hle/service/am/am_app.cpp.obj
[ 88%] Building CXX object src/core/CMakeFiles/citra_core.dir/hle/service/am/am_net.cpp.obj
[ 88%] Building CXX object src/core/CMakeFiles/citra_core.dir/hle/service/am/am_sys.cpp.obj
[ 88%] Building CXX object src/core/CMakeFiles/citra_core.dir/hle/service/am/am_u.cpp.obj
[ 88%] Building CXX object src/core/CMakeFiles/citra_core.dir/hle/service/apt/applet_manager.cpp.obj
[ 88%] Building CXX object src/core/CMakeFiles/citra_core.dir/hle/service/apt/apt.cpp.obj
[ 88%] Building CXX object src/core/CMakeFiles/citra_core.dir/hle/service/apt/apt_a.cpp.obj
[ 88%] Building CXX object src/core/CMakeFiles/citra_core.dir/hle/service/apt/apt_s.cpp.obj
[ 88%] Building CXX object src/core/CMakeFiles/citra_core.dir/hle/service/apt/apt_u.cpp.obj
[ 88%] Building CXX object src/core/CMakeFiles/citra_core.dir/hle/service/apt/ns.cpp.obj
[ 88%] Building CXX object src/core/CMakeFiles/citra_core.dir/hle/service/apt/ns_c.cpp.obj
[ 88%] Building CXX object src/core/CMakeFiles/citra_core.dir/hle/service/apt/ns_s.cpp.obj
[ 88%] Building CXX object src/core/CMakeFiles/citra_core.dir/hle/service/apt/bcfnt/bcfnt.cpp.obj
[ 88%] Building CXX object src/core/CMakeFiles/citra_core.dir/hle/service/boss/boss.cpp.obj
[ 88%] Building CXX object src/core/CMakeFiles/citra_core.dir/hle/service/boss/boss_p.cpp.obj
[ 88%] Building CXX object src/core/CMakeFiles/citra_core.dir/hle/service/boss/boss_u.cpp.obj
[ 88%] Building CXX object src/core/CMakeFiles/citra_core.dir/hle/service/boss/online_service.cpp.obj
[ 88%] Building CXX object src/core/CMakeFiles/citra_core.dir/hle/service/cam/cam.cpp.obj
[ 88%] Building CXX object src/core/CMakeFiles/citra_core.dir/hle/service/cam/cam_c.cpp.obj
[ 88%] Building CXX object src/core/CMakeFiles/citra_core.dir/hle/service/cam/cam_q.cpp.obj
[ 89%] Building CXX object src/core/CMakeFiles/citra_core.dir/hle/service/cam/cam_s.cpp.obj
[ 89%] Building CXX object src/core/CMakeFiles/citra_core.dir/hle/service/cam/cam_u.cpp.obj
[ 89%] Building CXX object src/core/CMakeFiles/citra_core.dir/hle/service/cam/y2r_u.cpp.obj
[ 89%] Building CXX object src/core/CMakeFiles/citra_core.dir/hle/service/cecd/cecd.cpp.obj
[ 89%] Building CXX object src/core/CMakeFiles/citra_core.dir/hle/service/cecd/cecd_ndm.cpp.obj
[ 89%] Building CXX object src/core/CMakeFiles/citra_core.dir/hle/service/cecd/cecd_s.cpp.obj
[ 89%] Building CXX object src/core/CMakeFiles/citra_core.dir/hle/service/cecd/cecd_u.cpp.obj
[ 89%] Building CXX object src/core/CMakeFiles/citra_core.dir/hle/service/cfg/cfg.cpp.obj
[ 89%] Building CXX object src/core/CMakeFiles/citra_core.dir/hle/service/cfg/cfg_defaults.cpp.obj
[ 89%] Building CXX object src/core/CMakeFiles/citra_core.dir/hle/service/cfg/cfg_i.cpp.obj
[ 89%] Building CXX object src/core/CMakeFiles/citra_core.dir/hle/service/cfg/cfg_nor.cpp.obj
[ 89%] Building CXX object src/core/CMakeFiles/citra_core.dir/hle/service/cfg/cfg_s.cpp.obj
[ 89%] Building CXX object src/core/CMakeFiles/citra_core.dir/hle/service/cfg/cfg_u.cpp.obj
[ 89%] Building CXX object src/core/CMakeFiles/citra_core.dir/hle/service/csnd/csnd_snd.cpp.obj
[ 89%] Building CXX object src/core/CMakeFiles/citra_core.dir/hle/service/dlp/dlp.cpp.obj
[ 89%] Building CXX object src/core/CMakeFiles/citra_core.dir/hle/service/dlp/dlp_clnt.cpp.obj
[ 89%] Building CXX object src/core/CMakeFiles/citra_core.dir/hle/service/dlp/dlp_fkcl.cpp.obj
[ 89%] Building CXX object src/core/CMakeFiles/citra_core.dir/hle/service/dlp/dlp_srvr.cpp.obj
[ 89%] Building CXX object src/core/CMakeFiles/citra_core.dir/hle/service/dlp/dlp_clt_base.cpp.obj
[ 89%] Building CXX object src/core/CMakeFiles/citra_core.dir/hle/service/dlp/dlp_base.cpp.obj
[ 89%] Building CXX object src/core/CMakeFiles/citra_core.dir/hle/service/dlp/dlp_crypto.cpp.obj
[ 89%] Building CXX object src/core/CMakeFiles/citra_core.dir/hle/service/dsp/dsp_dsp.cpp.obj
[ 89%] Building CXX object src/core/CMakeFiles/citra_core.dir/hle/service/err/err_f.cpp.obj
[ 89%] Building CXX object src/core/CMakeFiles/citra_core.dir/hle/service/frd/frd.cpp.obj
[ 89%] Building CXX object src/core/CMakeFiles/citra_core.dir/hle/service/frd/frd_a.cpp.obj
[ 90%] Building CXX object src/core/CMakeFiles/citra_core.dir/hle/service/frd/frd_u.cpp.obj
[ 90%] Building CXX object src/core/CMakeFiles/citra_core.dir/hle/service/fs/archive.cpp.obj
[ 90%] Building CXX object src/core/CMakeFiles/citra_core.dir/hle/service/fs/directory.cpp.obj
[ 90%] Building CXX object src/core/CMakeFiles/citra_core.dir/hle/service/fs/file.cpp.obj
[ 90%] Building CXX object src/core/CMakeFiles/citra_core.dir/hle/service/fs/fs_user.cpp.obj
[ 90%] Building CXX object src/core/CMakeFiles/citra_core.dir/hle/service/gsp/gsp.cpp.obj
[ 90%] Building CXX object src/core/CMakeFiles/citra_core.dir/hle/service/gsp/gsp_gpu.cpp.obj
[ 90%] Building CXX object src/core/CMakeFiles/citra_core.dir/hle/service/gsp/gsp_lcd.cpp.obj
[ 90%] Building CXX object src/core/CMakeFiles/citra_core.dir/hle/service/hid/hid.cpp.obj
[ 90%] Building CXX object src/core/CMakeFiles/citra_core.dir/hle/service/hid/hid_spvr.cpp.obj
[ 90%] Building CXX object src/core/CMakeFiles/citra_core.dir/hle/service/hid/hid_user.cpp.obj
[ 90%] Building CXX object src/core/CMakeFiles/citra_core.dir/hle/service/http/http_c.cpp.obj
[ 90%] Building CXX object src/core/CMakeFiles/citra_core.dir/hle/service/ir/extra_hid.cpp.obj
[ 90%] Building CXX object src/core/CMakeFiles/citra_core.dir/hle/service/ir/ir.cpp.obj
[ 90%] Building CXX object src/core/CMakeFiles/citra_core.dir/hle/service/ir/ir_rst.cpp.obj
[ 90%] Building CXX object src/core/CMakeFiles/citra_core.dir/hle/service/ir/ir_u.cpp.obj
[ 90%] Building CXX object src/core/CMakeFiles/citra_core.dir/hle/service/ir/ir_user.cpp.obj
[ 90%] Building CXX object src/core/CMakeFiles/citra_core.dir/hle/service/ldr_ro/cro_helper.cpp.obj
[ 90%] Building CXX object src/core/CMakeFiles/citra_core.dir/hle/service/ldr_ro/ldr_ro.cpp.obj
[ 90%] Building CXX object src/core/CMakeFiles/citra_core.dir/hle/service/mcu/mcu_hwc.cpp.obj
[ 90%] Building CXX object src/core/CMakeFiles/citra_core.dir/hle/service/mcu/mcu_rtc.cpp.obj
[ 90%] Building CXX object src/core/CMakeFiles/citra_core.dir/hle/service/mcu/mcu.cpp.obj
[ 90%] Building CXX object src/core/CMakeFiles/citra_core.dir/hle/service/mic/mic_u.cpp.obj
[ 90%] Building CXX object src/core/CMakeFiles/citra_core.dir/hle/service/mvd/mvd.cpp.obj
[ 92%] Building CXX object src/core/CMakeFiles/citra_core.dir/hle/service/mvd/mvd_std.cpp.obj
[ 92%] Building CXX object src/core/CMakeFiles/citra_core.dir/hle/service/ndm/ndm_u.cpp.obj
[ 92%] Building CXX object src/core/CMakeFiles/citra_core.dir/hle/service/news/news.cpp.obj
[ 92%] Building CXX object src/core/CMakeFiles/citra_core.dir/hle/service/news/news_s.cpp.obj
[ 92%] Building CXX object src/core/CMakeFiles/citra_core.dir/hle/service/news/news_u.cpp.obj
[ 92%] Building CXX object src/core/CMakeFiles/citra_core.dir/hle/service/nfc/amiibo_crypto.cpp.obj
[ 92%] Building CXX object src/core/CMakeFiles/citra_core.dir/hle/service/nfc/nfc.cpp.obj
[ 92%] Building CXX object src/core/CMakeFiles/citra_core.dir/hle/service/nfc/nfc_device.cpp.obj
[ 92%] Building CXX object src/core/CMakeFiles/citra_core.dir/hle/service/nfc/nfc_m.cpp.obj
[ 92%] Building CXX object src/core/CMakeFiles/citra_core.dir/hle/service/nfc/nfc_u.cpp.obj
[ 92%] Building CXX object src/core/CMakeFiles/citra_core.dir/hle/service/nim/nim.cpp.obj
[ 92%] Building CXX object src/core/CMakeFiles/citra_core.dir/hle/service/nim/nim_aoc.cpp.obj
[ 92%] Building CXX object src/core/CMakeFiles/citra_core.dir/hle/service/nim/nim_s.cpp.obj
[ 92%] Building CXX object src/core/CMakeFiles/citra_core.dir/hle/service/nim/nim_u.cpp.obj
[ 92%] Building CXX object src/core/CMakeFiles/citra_core.dir/hle/service/nwm/nwm.cpp.obj
[ 92%] Building CXX object src/core/CMakeFiles/citra_core.dir/hle/service/nwm/nwm_cec.cpp.obj
[ 92%] Building CXX object src/core/CMakeFiles/citra_core.dir/hle/service/nwm/nwm_ext.cpp.obj
[ 92%] Building CXX object src/core/CMakeFiles/citra_core.dir/hle/service/nwm/nwm_inf.cpp.obj
[ 92%] Building CXX object src/core/CMakeFiles/citra_core.dir/hle/service/nwm/nwm_sap.cpp.obj
[ 92%] Building CXX object src/core/CMakeFiles/citra_core.dir/hle/service/nwm/nwm_soc.cpp.obj
[ 92%] Building CXX object src/core/CMakeFiles/citra_core.dir/hle/service/nwm/nwm_tst.cpp.obj
[ 92%] Building CXX object src/core/CMakeFiles/citra_core.dir/hle/service/nwm/nwm_uds.cpp.obj
[ 92%] Building CXX object src/core/CMakeFiles/citra_core.dir/hle/service/nwm/uds_beacon.cpp.obj
[ 92%] Building CXX object src/core/CMakeFiles/citra_core.dir/hle/service/nwm/uds_connection.cpp.obj
[ 93%] Building CXX object src/core/CMakeFiles/citra_core.dir/hle/service/nwm/uds_data.cpp.obj
[ 93%] Building CXX object src/core/CMakeFiles/citra_core.dir/hle/service/plgldr/plgldr.cpp.obj
[ 93%] Building CXX object src/core/CMakeFiles/citra_core.dir/hle/service/pm/pm.cpp.obj
[ 93%] Building CXX object src/core/CMakeFiles/citra_core.dir/hle/service/pm/pm_app.cpp.obj
[ 93%] Building CXX object src/core/CMakeFiles/citra_core.dir/hle/service/ps/ps_ps.cpp.obj
[ 93%] Building CXX object src/core/CMakeFiles/citra_core.dir/hle/service/pm/pm_dbg.cpp.obj
[ 93%] Building CXX object src/core/CMakeFiles/citra_core.dir/hle/service/ptm/ptm.cpp.obj
[ 93%] Building CXX object src/core/CMakeFiles/citra_core.dir/hle/service/ptm/ptm_gets.cpp.obj
[ 93%] Building CXX object src/core/CMakeFiles/citra_core.dir/hle/service/ptm/ptm_play.cpp.obj
[ 93%] Building CXX object src/core/CMakeFiles/citra_core.dir/hle/service/ptm/ptm_sets.cpp.obj
[ 93%] Building CXX object src/core/CMakeFiles/citra_core.dir/hle/service/ptm/ptm_sysm.cpp.obj
[ 93%] Building CXX object src/core/CMakeFiles/citra_core.dir/hle/service/ptm/ptm_u.cpp.obj
[ 93%] Building CXX object src/core/CMakeFiles/citra_core.dir/hle/service/pxi/dev.cpp.obj
[ 93%] Building CXX object src/core/CMakeFiles/citra_core.dir/hle/service/pxi/pxi.cpp.obj
[ 93%] Building CXX object src/core/CMakeFiles/citra_core.dir/hle/service/qtm/qtm.cpp.obj
[ 93%] Building CXX object src/core/CMakeFiles/citra_core.dir/hle/service/qtm/qtm_c.cpp.obj
[ 93%] Building CXX object src/core/CMakeFiles/citra_core.dir/hle/service/qtm/qtm_s.cpp.obj
[ 93%] Building CXX object src/core/CMakeFiles/citra_core.dir/hle/service/qtm/qtm_sp.cpp.obj
[ 93%] Building CXX object src/core/CMakeFiles/citra_core.dir/hle/service/qtm/qtm_u.cpp.obj
[ 93%] Building CXX object src/core/CMakeFiles/citra_core.dir/hle/service/service.cpp.obj
[ 93%] Building CXX object src/core/CMakeFiles/citra_core.dir/hle/service/sm/sm.cpp.obj
[ 93%] Building CXX object src/core/CMakeFiles/citra_core.dir/hle/service/sm/srv.cpp.obj
[ 93%] Building CXX object src/core/CMakeFiles/citra_core.dir/hle/service/soc/soc_u.cpp.obj
[ 93%] Building CXX object src/core/CMakeFiles/citra_core.dir/hle/service/ssl/ssl_c.cpp.obj
[ 94%] Building CXX object src/core/CMakeFiles/citra_core.dir/hw/aes/arithmetic128.cpp.obj
[ 94%] Building CXX object src/core/CMakeFiles/citra_core.dir/hw/aes/ccm.cpp.obj
[ 94%] Building CXX object src/core/CMakeFiles/citra_core.dir/hw/aes/key.cpp.obj
[ 94%] Building CXX object src/core/CMakeFiles/citra_core.dir/hw/ecc.cpp.obj
[ 94%] Building CXX object src/core/CMakeFiles/citra_core.dir/hw/rsa/rsa.cpp.obj
[ 94%] Building CXX object src/core/CMakeFiles/citra_core.dir/hw/unique_data.cpp.obj
[ 94%] Building CXX object src/core/CMakeFiles/citra_core.dir/hw/y2r.cpp.obj
[ 94%] Building CXX object src/core/CMakeFiles/citra_core.dir/loader/3dsx.cpp.obj
[ 94%] Building CXX object src/core/CMakeFiles/citra_core.dir/loader/artic.cpp.obj
[ 94%] Building CXX object src/core/CMakeFiles/citra_core.dir/loader/elf.cpp.obj
[ 94%] Building CXX object src/core/CMakeFiles/citra_core.dir/loader/loader.cpp.obj
[ 94%] Building CXX object src/core/CMakeFiles/citra_core.dir/loader/ncch.cpp.obj
[ 94%] Building CXX object src/core/CMakeFiles/citra_core.dir/loader/smdh.cpp.obj
[ 94%] Building CXX object src/core/CMakeFiles/citra_core.dir/memory.cpp.obj
[ 94%] Building CXX object src/core/CMakeFiles/citra_core.dir/movie.cpp.obj
[ 94%] Building CXX object src/core/CMakeFiles/citra_core.dir/nus_download.cpp.obj
[ 94%] Building CXX object src/core/CMakeFiles/citra_core.dir/perf_stats.cpp.obj
[ 94%] Building CXX object src/core/CMakeFiles/citra_core.dir/savestate.cpp.obj
[ 94%] Building CXX object src/core/CMakeFiles/citra_core.dir/system_titles.cpp.obj
[ 94%] Building CXX object src/core/CMakeFiles/citra_core.dir/tracer/recorder.cpp.obj
[ 94%] Building CXX object src/core/CMakeFiles/citra_core.dir/rpc/packet.cpp.obj
[ 94%] Building CXX object src/core/CMakeFiles/citra_core.dir/rpc/rpc_server.cpp.obj
[ 94%] Building CXX object src/core/CMakeFiles/citra_core.dir/rpc/server.cpp.obj
[ 94%] Building CXX object src/core/CMakeFiles/citra_core.dir/rpc/udp_server.cpp.obj
[ 95%] Building CXX object src/core/CMakeFiles/citra_core.dir/gdbstub/gdbstub.cpp.obj
[ 95%] Building CXX object src/core/CMakeFiles/citra_core.dir/gdbstub/hio.cpp.obj
[ 95%] Building CXX object src/core/CMakeFiles/citra_core.dir/arm/dynarmic/arm_dynarmic.cpp.obj
[ 95%] Building CXX object src/core/CMakeFiles/citra_core.dir/arm/dynarmic/arm_dynarmic_cp15.cpp.obj
[ 95%] Building CXX object src/core/CMakeFiles/citra_core.dir/arm/dynarmic/arm_exclusive_monitor.cpp.obj
[ 95%] Building CXX object src/core/CMakeFiles/citra_core.dir/arm/dynarmic/arm_tick_counts.cpp.obj
[ 95%] Linking CXX static library libcitra_core.a
[ 95%] Built target citra_core
[ 95%] Building CXX object src/input_common/CMakeFiles/input_common.dir/analog_from_button.cpp.obj
[ 95%] Building CXX object src/citra_cli/CMakeFiles/citra_cli.dir/compression_cli.cpp.obj
[ 95%] Building CXX object src/input_common/CMakeFiles/input_common.dir/keyboard.cpp.obj
[ 95%] Building CXX object src/input_common/CMakeFiles/input_common.dir/main.cpp.obj
[ 95%] Building CXX object src/citra_cli/CMakeFiles/citra_cli.dir/citra_cli.cpp.obj
[ 95%] Building CXX object src/input_common/CMakeFiles/input_common.dir/motion_emu.cpp.obj
[ 95%] Building CXX object src/input_common/CMakeFiles/input_common.dir/touch_from_button.cpp.obj
[ 95%] Building CXX object src/input_common/CMakeFiles/input_common.dir/udp/client.cpp.obj
[ 95%] Building CXX object src/input_common/CMakeFiles/input_common.dir/sdl/sdl.cpp.obj
[ 95%] Building CXX object src/input_common/CMakeFiles/input_common.dir/sdl/sdl_impl.cpp.obj
[ 95%] Building CXX object src/input_common/CMakeFiles/input_common.dir/udp/protocol.cpp.obj
[ 95%] Building CXX object src/input_common/CMakeFiles/input_common.dir/udp/udp.cpp.obj
[ 95%] Building CXX object src/input_common/CMakeFiles/input_common.dir/gcadapter/gc_poller.cpp.obj
[ 95%] Building CXX object src/input_common/CMakeFiles/input_common.dir/gcadapter/gc_adapter.cpp.obj
[ 95%] Linking CXX static library libcitra_cli.a
[ 95%] Built target citra_cli
[ 95%] Linking CXX static library libinput_common.a
[ 95%] Built target input_common
[ 95%] Built target citra_qt_autogen_timestamp_deps
[ 95%] Automatic MOC and UIC for target citra_qt
AutoUic: Detected locale "C" with character encoding "ANSI_X3.4-1968", which is not UTF-8.
Qt depends on a UTF-8 locale, and has switched to "C.UTF-8" instead.
If this causes problems, reconfigure your locale. See the locale(1) manual
for more information.
AutoUic: Detected locale "C" with character encoding "ANSI_X3.4-1968", which is not UTF-8.
Qt depends on a UTF-8 locale, and has switched to "C.UTF-8" instead.
If this causes problems, reconfigure your locale. See the locale(1) manual
for more information.
AutoUic: Detected locale "C" with character encoding "ANSI_X3.4-1968", which is not UTF-8.
Qt depends on a UTF-8 locale, and has switched to "C.UTF-8" instead.
If this causes problems, reconfigure your locale. See the locale(1) manual
for more information.
AutoUic: Detected locale "C" with character encoding "ANSI_X3.4-1968", which is not UTF-8.
Qt depends on a UTF-8 locale, and has switched to "C.UTF-8" instead.
If this causes problems, reconfigure your locale. See the locale(1) manual
for more information.
AutoUic: Detected locale "C" with character encoding "ANSI_X3.4-1968", which is not UTF-8.
Qt depends on a UTF-8 locale, and has switched to "C.UTF-8" instead.
If this causes problems, reconfigure your locale. See the locale(1) manual
for more information.
AutoUic: Detected locale "C" with character encoding "ANSI_X3.4-1968", which is not UTF-8.
Qt depends on a UTF-8 locale, and has switched to "C.UTF-8" instead.
If this causes problems, reconfigure your locale. See the locale(1) manual
for more information.
AutoUic: Detected locale "C" with character encoding "ANSI_X3.4-1968", which is not UTF-8.
Qt depends on a UTF-8 locale, and has switched to "C.UTF-8" instead.
If this causes problems, reconfigure your locale. See the locale(1) manual
for more information.
AutoUic: Detected locale "C" with character encoding "ANSI_X3.4-1968", which is not UTF-8.
Qt depends on a UTF-8 locale, and has switched to "C.UTF-8" instead.
If this causes problems, reconfigure your locale. See the locale(1) manual
for more information.
AutoUic: Detected locale "C" with character encoding "ANSI_X3.4-1968", which is not UTF-8.
Qt depends on a UTF-8 locale, and has switched to "C.UTF-8" instead.
If this causes problems, reconfigure your locale. See the locale(1) manual
for more information.
AutoUic: Detected locale "C" with character encoding "ANSI_X3.4-1968", which is not UTF-8.
Qt depends on a UTF-8 locale, and has switched to "C.UTF-8" instead.
If this causes problems, reconfigure your locale. See the locale(1) manual
for more information.
AutoUic: Detected locale "C" with character encoding "ANSI_X3.4-1968", which is not UTF-8.
Qt depends on a UTF-8 locale, and has switched to "C.UTF-8" instead.
If this causes problems, reconfigure your locale. See the locale(1) manual
for more information.
AutoUic: Detected locale "C" with character encoding "ANSI_X3.4-1968", which is not UTF-8.
Qt depends on a UTF-8 locale, and has switched to "C.UTF-8" instead.
If this causes problems, reconfigure your locale. See the locale(1) manual
for more information.
AutoUic: Detected locale "C" with character encoding "ANSI_X3.4-1968", which is not UTF-8.
Qt depends on a UTF-8 locale, and has switched to "C.UTF-8" instead.
If this causes problems, reconfigure your locale. See the locale(1) manual
for more information.
AutoUic: Detected locale "C" with character encoding "ANSI_X3.4-1968", which is not UTF-8.
Qt depends on a UTF-8 locale, and has switched to "C.UTF-8" instead.
If this causes problems, reconfigure your locale. See the locale(1) manual
for more information.
AutoUic: Detected locale "C" with character encoding "ANSI_X3.4-1968", which is not UTF-8.
Qt depends on a UTF-8 locale, and has switched to "C.UTF-8" instead.
If this causes problems, reconfigure your locale. See the locale(1) manual
for more information.
AutoMoc: /work/src/citra_qt/debugger/profiler.h:0:1: note: No relevant classes found. No output generated.
AutoUic: Detected locale "C" with character encoding "ANSI_X3.4-1968", which is not UTF-8.
Qt depends on a UTF-8 locale, and has switched to "C.UTF-8" instead.
If this causes problems, reconfigure your locale. See the locale(1) manual
for more information.
AutoUic: Detected locale "C" with character encoding "ANSI_X3.4-1968", which is not UTF-8.
Qt depends on a UTF-8 locale, and has switched to "C.UTF-8" instead.
If this causes problems, reconfigure your locale. See the locale(1) manual
for more information.
AutoUic: Detected locale "C" with character encoding "ANSI_X3.4-1968", which is not UTF-8.
Qt depends on a UTF-8 locale, and has switched to "C.UTF-8" instead.
If this causes problems, reconfigure your locale. See the locale(1) manual
for more information.
AutoUic: Detected locale "C" with character encoding "ANSI_X3.4-1968", which is not UTF-8.
Qt depends on a UTF-8 locale, and has switched to "C.UTF-8" instead.
If this causes problems, reconfigure your locale. See the locale(1) manual
for more information.
AutoUic: Detected locale "C" with character encoding "ANSI_X3.4-1968", which is not UTF-8.
Qt depends on a UTF-8 locale, and has switched to "C.UTF-8" instead.
If this causes problems, reconfigure your locale. See the locale(1) manual
for more information.
AutoUic: Detected locale "C" with character encoding "ANSI_X3.4-1968", which is not UTF-8.
Qt depends on a UTF-8 locale, and has switched to "C.UTF-8" instead.
If this causes problems, reconfigure your locale. See the locale(1) manual
for more information.
AutoUic: Detected locale "C" with character encoding "ANSI_X3.4-1968", which is not UTF-8.
Qt depends on a UTF-8 locale, and has switched to "C.UTF-8" instead.
If this causes problems, reconfigure your locale. See the locale(1) manual
for more information.
AutoUic: Detected locale "C" with character encoding "ANSI_X3.4-1968", which is not UTF-8.
Qt depends on a UTF-8 locale, and has switched to "C.UTF-8" instead.
If this causes problems, reconfigure your locale. See the locale(1) manual
for more information.
AutoUic: Detected locale "C" with character encoding "ANSI_X3.4-1968", which is not UTF-8.
Qt depends on a UTF-8 locale, and has switched to "C.UTF-8" instead.
If this causes problems, reconfigure your locale. See the locale(1) manual
for more information.
AutoUic: Detected locale "C" with character encoding "ANSI_X3.4-1968", which is not UTF-8.
Qt depends on a UTF-8 locale, and has switched to "C.UTF-8" instead.
If this causes problems, reconfigure your locale. See the locale(1) manual
for more information.
AutoUic: Detected locale "C" with character encoding "ANSI_X3.4-1968", which is not UTF-8.
Qt depends on a UTF-8 locale, and has switched to "C.UTF-8" instead.
If this causes problems, reconfigure your locale. See the locale(1) manual
for more information.
AutoUic: Detected locale "C" with character encoding "ANSI_X3.4-1968", which is not UTF-8.
Qt depends on a UTF-8 locale, and has switched to "C.UTF-8" instead.
If this causes problems, reconfigure your locale. See the locale(1) manual
for more information.
AutoUic: Detected locale "C" with character encoding "ANSI_X3.4-1968", which is not UTF-8.
Qt depends on a UTF-8 locale, and has switched to "C.UTF-8" instead.
If this causes problems, reconfigure your locale. See the locale(1) manual
for more information.
AutoUic: Detected locale "C" with character encoding "ANSI_X3.4-1968", which is not UTF-8.
Qt depends on a UTF-8 locale, and has switched to "C.UTF-8" instead.
If this causes problems, reconfigure your locale. See the locale(1) manual
for more information.
AutoUic: Detected locale "C" with character encoding "ANSI_X3.4-1968", which is not UTF-8.
Qt depends on a UTF-8 locale, and has switched to "C.UTF-8" instead.
If this causes problems, reconfigure your locale. See the locale(1) manual
for more information.
AutoUic: Detected locale "C" with character encoding "ANSI_X3.4-1968", which is not UTF-8.
Qt depends on a UTF-8 locale, and has switched to "C.UTF-8" instead.
If this causes problems, reconfigure your locale. See the locale(1) manual
for more information.
AutoUic: Detected locale "C" with character encoding "ANSI_X3.4-1968", which is not UTF-8.
Qt depends on a UTF-8 locale, and has switched to "C.UTF-8" instead.
If this causes problems, reconfigure your locale. See the locale(1) manual
for more information.
AutoUic: Detected locale "C" with character encoding "ANSI_X3.4-1968", which is not UTF-8.
Qt depends on a UTF-8 locale, and has switched to "C.UTF-8" instead.
If this causes problems, reconfigure your locale. See the locale(1) manual
for more information.
AutoUic: Detected locale "C" with character encoding "ANSI_X3.4-1968", which is not UTF-8.
Qt depends on a UTF-8 locale, and has switched to "C.UTF-8" instead.
If this causes problems, reconfigure your locale. See the locale(1) manual
for more information.
AutoUic: Detected locale "C" with character encoding "ANSI_X3.4-1968", which is not UTF-8.
Qt depends on a UTF-8 locale, and has switched to "C.UTF-8" instead.
If this causes problems, reconfigure your locale. See the locale(1) manual
for more information.
AutoUic: Detected locale "C" with character encoding "ANSI_X3.4-1968", which is not UTF-8.
Qt depends on a UTF-8 locale, and has switched to "C.UTF-8" instead.
If this causes problems, reconfigure your locale. See the locale(1) manual
for more information.
[ 95%] Built target citra_qt_autogen
[ 95%] Generating qrc_languages.cpp
[ 95%] Automatic RCC for ../../dist/qt_themes/qdarkstyle_midnight_blue/theme_qdarkstyle_midnight_blue.qrc
[ 95%] Automatic RCC for ../../dist/compatibility_list/compatibility_list.qrc
[ 95%] Automatic RCC for ../../dist/qt_themes/colorful_midnight_blue/theme_colorful_midnight_blue.qrc
[ 95%] Automatic RCC for ../../dist/qt_themes/colorful/theme_colorful.qrc
[ 95%] Automatic RCC for ../../dist/qt_themes/default/theme_default.qrc
Detected locale "C" with character encoding "ANSI_X3.4-1968", which is not UTF-8.
Qt depends on a UTF-8 locale, and has switched to "C.UTF-8" instead.
If this causes problems, reconfigure your locale. See the locale(1) manual
for more information.
[ 95%] Automatic RCC for ../../dist/qt_themes/colorful_dark/theme_colorful_dark.qrc
[ 95%] Automatic RCC for ../../dist/qt_themes/qdarkstyle/theme_qdarkstyle.qrc
[ 95%] Building CXX object src/citra_qt/CMakeFiles/citra_qt.dir/applets/swkbd.cpp.obj
[ 95%] Building CXX object src/citra_qt/CMakeFiles/citra_qt.dir/applets/mii_selector.cpp.obj
[ 95%] Building CXX object src/citra_qt/CMakeFiles/citra_qt.dir/aboutdialog.cpp.obj
[ 95%] Building CXX object src/citra_qt/CMakeFiles/citra_qt.dir/citra_qt_autogen/mocs_compilation.cpp.obj
[ 96%] Building CXX object src/citra_qt/CMakeFiles/citra_qt.dir/compatibility_list.cpp.obj
[ 96%] Building CXX object src/citra_qt/CMakeFiles/citra_qt.dir/camera/camera_util.cpp.obj
[ 96%] Building CXX object src/citra_qt/CMakeFiles/citra_qt.dir/camera/still_image_camera.cpp.obj
[ 96%] Building CXX object src/citra_qt/CMakeFiles/citra_qt.dir/bootmanager.cpp.obj
[ 96%] Building CXX object src/citra_qt/CMakeFiles/citra_qt.dir/citra_qt.cpp.obj
[ 96%] Building CXX object src/citra_qt/CMakeFiles/citra_qt.dir/camera/qt_camera_base.cpp.obj
[ 96%] Building CXX object src/citra_qt/CMakeFiles/citra_qt.dir/camera/qt_multimedia_camera.cpp.obj
[ 96%] Building CXX object src/citra_qt/CMakeFiles/citra_qt.dir/configuration/configuration_shared.cpp.obj
[ 96%] Building CXX object src/citra_qt/CMakeFiles/citra_qt.dir/configuration/config.cpp.obj
[ 96%] Building CXX object src/citra_qt/CMakeFiles/citra_qt.dir/configuration/configure_enhancements.cpp.obj
[ 96%] Building CXX object src/citra_qt/CMakeFiles/citra_qt.dir/configuration/configure_debug.cpp.obj
[ 96%] Building CXX object src/citra_qt/CMakeFiles/citra_qt.dir/configuration/configure_camera.cpp.obj
[ 96%] Building CXX object src/citra_qt/CMakeFiles/citra_qt.dir/configuration/configure_audio.cpp.obj
[ 96%] Building CXX object src/citra_qt/CMakeFiles/citra_qt.dir/configuration/configure_layout.cpp.obj
[ 96%] Building CXX object src/citra_qt/CMakeFiles/citra_qt.dir/configuration/configure_dialog.cpp.obj
[ 96%] Building CXX object src/citra_qt/CMakeFiles/citra_qt.dir/configuration/configure_layout_cycle.cpp.obj
[ 96%] Building CXX object src/citra_qt/CMakeFiles/citra_qt.dir/configuration/configure_general.cpp.obj
[ 96%] Building CXX object src/citra_qt/CMakeFiles/citra_qt.dir/configuration/configure_input.cpp.obj
[ 96%] Building CXX object src/citra_qt/CMakeFiles/citra_qt.dir/configuration/configure_hotkeys.cpp.obj
[ 96%] Building CXX object src/citra_qt/CMakeFiles/citra_qt.dir/configuration/configure_per_game.cpp.obj
[ 96%] Building CXX object src/citra_qt/CMakeFiles/citra_qt.dir/configuration/configure_graphics.cpp.obj
[ 96%] Building CXX object src/citra_qt/CMakeFiles/citra_qt.dir/configuration/configure_storage.cpp.obj
[ 96%] Building CXX object src/citra_qt/CMakeFiles/citra_qt.dir/configuration/configure_motion_touch.cpp.obj
[ 96%] Building CXX object src/citra_qt/CMakeFiles/citra_qt.dir/configuration/configure_system.cpp.obj
[ 96%] Building CXX object src/citra_qt/CMakeFiles/citra_qt.dir/configuration/configure_touch_from_button.cpp.obj
[ 97%] Building CXX object src/citra_qt/CMakeFiles/citra_qt.dir/configuration/configure_ui.cpp.obj
[ 97%] Building CXX object src/citra_qt/CMakeFiles/citra_qt.dir/configuration/configure_web.cpp.obj
[ 97%] Building CXX object src/citra_qt/CMakeFiles/citra_qt.dir/configuration/configure_cheats.cpp.obj
[ 97%] Building CXX object src/citra_qt/CMakeFiles/citra_qt.dir/debugger/console.cpp.obj
[ 97%] Building CXX object src/citra_qt/CMakeFiles/citra_qt.dir/debugger/graphics/graphics.cpp.obj
[ 97%] Building CXX object src/citra_qt/CMakeFiles/citra_qt.dir/debugger/graphics/graphics_breakpoint_observer.cpp.obj
[ 97%] Building CXX object src/citra_qt/CMakeFiles/citra_qt.dir/debugger/graphics/graphics_breakpoints.cpp.obj
[ 97%] Building CXX object src/citra_qt/CMakeFiles/citra_qt.dir/debugger/graphics/graphics_cmdlists.cpp.obj
[ 97%] Building CXX object src/citra_qt/CMakeFiles/citra_qt.dir/debugger/graphics/graphics_surface.cpp.obj
[ 97%] Building CXX object src/citra_qt/CMakeFiles/citra_qt.dir/debugger/graphics/graphics_tracing.cpp.obj
[ 97%] Building CXX object src/citra_qt/CMakeFiles/citra_qt.dir/debugger/graphics/graphics_vertex_shader.cpp.obj
[ 97%] Building CXX object src/citra_qt/CMakeFiles/citra_qt.dir/debugger/ipc/record_dialog.cpp.obj
[ 97%] Building CXX object src/citra_qt/CMakeFiles/citra_qt.dir/debugger/ipc/recorder.cpp.obj
[ 97%] Building CXX object src/citra_qt/CMakeFiles/citra_qt.dir/debugger/lle_service_modules.cpp.obj
[ 97%] Building CXX object src/citra_qt/CMakeFiles/citra_qt.dir/debugger/registers.cpp.obj
[ 97%] Building CXX object src/citra_qt/CMakeFiles/citra_qt.dir/debugger/profiler.cpp.obj
[ 97%] Building CXX object src/citra_qt/CMakeFiles/citra_qt.dir/debugger/wait_tree.cpp.obj
[ 97%] Building CXX object src/citra_qt/CMakeFiles/citra_qt.dir/dumping/dumping_dialog.cpp.obj
[ 97%] Building CXX object src/citra_qt/CMakeFiles/citra_qt.dir/dumping/option_set_dialog.cpp.obj
[ 97%] Building CXX object src/citra_qt/CMakeFiles/citra_qt.dir/dumping/options_dialog.cpp.obj
[ 97%] Building CXX object src/citra_qt/CMakeFiles/citra_qt.dir/game_list.cpp.obj
[ 97%] Building CXX object src/citra_qt/CMakeFiles/citra_qt.dir/game_list_worker.cpp.obj
[ 97%] Building CXX object src/citra_qt/CMakeFiles/citra_qt.dir/hotkeys.cpp.obj
[ 97%] Building CXX object src/citra_qt/CMakeFiles/citra_qt.dir/loading_screen.cpp.obj
[ 98%] Building CXX object src/citra_qt/CMakeFiles/citra_qt.dir/movie/movie_play_dialog.cpp.obj
[ 98%] Building CXX object src/citra_qt/CMakeFiles/citra_qt.dir/movie/movie_record_dialog.cpp.obj
[ 98%] Building CXX object src/citra_qt/CMakeFiles/citra_qt.dir/multiplayer/chat_room.cpp.obj
[ 98%] Building CXX object src/citra_qt/CMakeFiles/citra_qt.dir/multiplayer/client_room.cpp.obj
[ 98%] Building CXX object src/citra_qt/CMakeFiles/citra_qt.dir/multiplayer/direct_connect.cpp.obj
[ 98%] Building CXX object src/citra_qt/CMakeFiles/citra_qt.dir/multiplayer/host_room.cpp.obj
[ 98%] Building CXX object src/citra_qt/CMakeFiles/citra_qt.dir/multiplayer/lobby.cpp.obj
[ 98%] Building CXX object src/citra_qt/CMakeFiles/citra_qt.dir/multiplayer/message.cpp.obj
[ 98%] Building CXX object src/citra_qt/CMakeFiles/citra_qt.dir/multiplayer/state.cpp.obj
[ 98%] Building CXX object src/citra_qt/CMakeFiles/citra_qt.dir/multiplayer/moderation_dialog.cpp.obj
[ 98%] Building CXX object src/citra_qt/CMakeFiles/citra_qt.dir/notification_led.cpp.obj
[ 98%] Building CXX object src/citra_qt/CMakeFiles/citra_qt.dir/qt_image_interface.cpp.obj
[ 98%] Building CXX object src/citra_qt/CMakeFiles/citra_qt.dir/uisettings.cpp.obj
[ 98%] Building CXX object src/citra_qt/CMakeFiles/citra_qt.dir/user_data_migration.cpp.obj
[ 98%] Building CXX object src/citra_qt/CMakeFiles/citra_qt.dir/util/clickable_label.cpp.obj
[ 98%] Building CXX object src/citra_qt/CMakeFiles/citra_qt.dir/util/graphics_device_info.cpp.obj
[ 98%] Building CXX object src/citra_qt/CMakeFiles/citra_qt.dir/util/sequence_dialog/sequence_dialog.cpp.obj
[ 98%] Building CXX object src/citra_qt/CMakeFiles/citra_qt.dir/util/spinbox.cpp.obj
[ 98%] Building CXX object src/citra_qt/CMakeFiles/citra_qt.dir/util/util.cpp.obj
[ 98%] Building CXX object src/citra_qt/CMakeFiles/citra_qt.dir/qrc_languages.cpp.obj
[ 98%] Building CXX object src/citra_qt/CMakeFiles/citra_qt.dir/discord_impl.cpp.obj
[ 98%] Building CXX object src/citra_qt/CMakeFiles/citra_qt.dir/citra_qt_autogen/IEX2ANJCOF/qrc_compatibility_list.cpp.obj
[ 98%] Building CXX object src/citra_qt/CMakeFiles/citra_qt.dir/citra_qt_autogen/JJST62K4FD/qrc_theme_colorful.cpp.obj
[ 98%] Building CXX object src/citra_qt/CMakeFiles/citra_qt.dir/citra_qt_autogen/QWG25RC7ZP/qrc_theme_colorful_dark.cpp.obj
[100%] Building CXX object src/citra_qt/CMakeFiles/citra_qt.dir/citra_qt_autogen/4OYJP4GYF3/qrc_theme_colorful_midnight_blue.cpp.obj
[100%] Building CXX object src/citra_qt/CMakeFiles/citra_qt.dir/citra_qt_autogen/L6763PLDTS/qrc_theme_default.cpp.obj
[100%] Building CXX object src/citra_qt/CMakeFiles/citra_qt.dir/citra_qt_autogen/3JV3SOUGRX/qrc_theme_qdarkstyle.cpp.obj
[100%] Building CXX object src/citra_qt/CMakeFiles/citra_qt.dir/citra_qt_autogen/37D3MJFPTG/qrc_theme_qdarkstyle_midnight_blue.cpp.obj
[100%] Linking CXX static library libcitra_qt.a
[100%] Built target citra_qt
[100%] Building CXX object src/citra_meta/CMakeFiles/citra_meta.dir/__/citra_qt/discord_impl.cpp.obj
[100%] Building CXX object src/citra_meta/CMakeFiles/citra_meta.dir/main.cpp.obj
[100%] Building RC object src/citra_meta/CMakeFiles/citra_meta.dir/citra.rc.res
[100%] Linking CXX executable ../../bin/Release/azahar.exe
/mxe/usr/bin/x86_64-w64-mingw32.shared-ld: act_errors.cpp.obj (symbol from plugin): warning: no symbol for section '_ZN5boost9container30std_piecewise_construct_holderILi0EE5dummyE' found
/work/src/./core/core.h:84:7: warning: type 'struct System' violates the C++ One Definition Rule [-Wodr]
   84 | class System {
      |       ^
/work/src/./core/core.h:84:7: note: a different type is defined in another translation unit
   84 | class System {
      |       ^
/work/src/./core/core.h:499:50: note: the first difference of corresponding definitions is field 'archive_manager'
  499 |     std::unique_ptr<Service::FS::ArchiveManager> archive_manager;
      |                                                  ^
/work/src/./core/core.h:490:34: note: a field with different name is defined in another translation unit
  490 |     std::unique_ptr<RPC::Server> rpc_server;
      |                                  ^
/work/externals/./vulkan-headers/include/vulkan/vulkan.hpp:18393:11: warning: type 'struct DispatchLoaderDynamic' violates the C++ One Definition Rule [-Wodr]
18393 |     class DispatchLoaderDynamic : public DispatchLoaderBase
      |           ^
/work/externals/./vulkan-headers/include/vulkan/vulkan.hpp:18393:11: note: a different type is defined in another translation unit
18393 |     class DispatchLoaderDynamic : public DispatchLoaderBase
      |           ^
/work/externals/./vulkan-headers/include/vulkan/vulkan.hpp:18709:17: note: the first difference of corresponding definitions is field 'vkCreateWin32SurfaceKHR_placeholder'
18709 |       PFN_dummy vkCreateWin32SurfaceKHR_placeholder                           = 0;
      |                 ^
/work/externals/./vulkan-headers/include/vulkan/vulkan.hpp:18706:58: note: a field with different name is defined in another translation unit
18706 |       PFN_vkCreateWin32SurfaceKHR                        vkCreateWin32SurfaceKHR                        = 0;
      |                                                          ^
/work/externals/./vulkan-headers/include/vulkan/vulkan_hpp_macros.hpp:266:57: warning: 'defaultDispatchLoaderDynamic' violates the C++ One Definition Rule [-Wodr]
  266 |     extern VULKAN_HPP_STORAGE_API DispatchLoaderDynamic defaultDispatchLoaderDynamic;
      |                                                         ^
/work/externals/./vulkan-headers/include/vulkan/vulkan.hpp:18393:11: note: type 'struct DispatchLoaderDynamic' itself violates the C++ One Definition Rule
18393 |     class DispatchLoaderDynamic : public DispatchLoaderBase
      |           ^
/work/src/video_core/renderer_vulkan/vk_common.cpp:12:1: note: 'defaultDispatchLoaderDynamic' was previously declared here
   12 | VULKAN_HPP_DEFAULT_DISPATCH_LOADER_DYNAMIC_STORAGE
      | ^
/work/externals/./vulkan-headers/include/vulkan/vulkan_enums.hpp:296:14: warning: type 'vk::StructureType' violates the C++ One Definition Rule [-Wodr]
  296 |   enum class StructureType
      |              ^
/work/externals/./vulkan-headers/include/vulkan/vulkan_enums.hpp:296:14: note: an enum with different value name is defined in another translation unit
  296 |   enum class StructureType
      |              ^
/work/externals/./vulkan-headers/include/vulkan/vulkan_enums.hpp:810:5: note: name 'eDebugReportCallbackCreateInfoEXT' differs from name 'eWin32SurfaceCreateInfoKHR' defined in another translation unit
  810 |     eDebugReportCallbackCreateInfoEXT                = VK_STRUCTURE_TYPE_DEBUG_REPORT_CALLBACK_CREATE_INFO_EXT,
      |     ^
/work/externals/./vulkan-headers/include/vulkan/vulkan_enums.hpp:808:5: note: mismatching definition
  808 |     eWin32SurfaceCreateInfoKHR = VK_STRUCTURE_TYPE_WIN32_SURFACE_CREATE_INFO_KHR,
      |     ^
/work/externals/./vulkan-headers/include/vulkan/vulkan_enums.hpp:230:14: warning: type 'vk::Result' violates the C++ One Definition Rule [-Wodr]
  230 |   enum class Result
      |              ^
/work/externals/./vulkan-headers/include/vulkan/vulkan_enums.hpp:230:14: note: an enum with different value name is defined in another translation unit
  230 |   enum class Result
      |              ^
/work/externals/./vulkan-headers/include/vulkan/vulkan_enums.hpp:283:5: note: name 'eThreadIdleKHR' differs from name 'eErrorFullScreenExclusiveModeLostEXT' defined in another translation unit
  283 |     eThreadIdleKHR                     = VK_THREAD_IDLE_KHR,
      |     ^
/work/externals/./vulkan-headers/include/vulkan/vulkan_enums.hpp:281:5: note: mismatching definition
  281 |     eErrorFullScreenExclusiveModeLostEXT = VK_ERROR_FULL_SCREEN_EXCLUSIVE_MODE_LOST_EXT,
      |     ^
[100%] Built target citra_meta
[100%] Built target bundle
BUILD_END 2026-05-27T11:30:05+00:00
Cacheable calls:    11806 / 11813 (99.94%)
  Hits:              8887 / 11806 (75.28%)
    Direct:          8145 /  8887 (91.65%)
    Preprocessed:     742 /  8887 ( 8.35%)
  Misses:            2919 / 11806 (24.72%)
Uncacheable calls:      7 / 11813 ( 0.06%)
Local storage:
  Cache size (GiB):   0.7 /   5.0 (14.99%)
  Hits:              8887 / 11806 (75.28%)
  Misses:            2919 / 11806 (24.72%)
